-2896,-300,16012,7,51,-52,-35,22,41,40817
-2868,-304,16104,59,56,-35,-31,21,41,40853
-2904,-268,16044,17,100,-65,-35,19,41,40888
-2904,-252,16096,28,67,-38,-34,23,44,40923
-2888,-272,16020,10,85,-74,-35,20,43,40958
-2860,-264,16052,11,76,-58,-34,21,41,40993
-2848,-276,16104,45,63,-48,-33,23,43,41029
-2872,-296,15956,-16,87,-58,-34,22,43,41064
-2816,-260,16124,16,81,-57,-34,21,41,41099
-2904,-288,15988,30,68,-59,-32,21,42,41135
-2832,-356,16040,1,76,-75,-33,23,41,41169
-2876,-292,16192,17,67,-42,-32,24,43,41204
-2860,-292,16044,11,71,-50,-34,21,41,41240
-2900,-280,16040,16,34,-60,-35,23,44,41275
-2888,-332,16048,44,79,-32,-34,22,42,41311
-2908,-212,16056,2,65,-69,-33,20,42,41346
-2860,-248,16104,45,73,-51,-33,20,43,41380
-2960,-272,16120,5,67,-39,-32,21,42,41416
-2900,-288,15944,1,62,-71,-35,22,42,41451
-2864,-296,16072,37,63,-56,-34,23,43,41486
-2892,-252,16096,3,89,-32,-35,21,41,41522
-2932,-260,16136,19,47,-59,-34,21,43,41556
-2844,-240,16172,18,79,-63,-33,23,41,41591
-2904,-308,16112,15,47,-67,-33,20,43,41627
-2848,-260,16076,3,50,-89,-34,22,42,41662
-2924,-304,16096,-7,101,-48,-33,21,43,41698
-2808,-208,16088,16,62,-60,-33,23,43,41733
-2836,-268,16116,12,66,-39,-33,21,41,41767
-2892,-296,16044,44,70,-77,-34,21,46,41803
-2832,-284,16116,29,63,-68,-35,21,42,41838
-2932,-240,15984,34,68,-84,-35,20,43,41873
-2876,-244,15972,17,76,-54,-34,22,44,41909
-2908,-316,16048,-7,53,-66,-34,20,42,41944
-2880,-276,16036,26,71,-46,-35,23,43,41979
-2920,-272,16016,8,67,-67,-34,22,43,42014
-2888,-300,16084,44,65,-37,-36,21,42,42049
-2880,-280,16108,35,97,-48,-33,21,42,42085
-2912,-236,16220,14,108,-62,-34,24,42,42120
-2856,-336,16120,-3,55,-34,-33,20,44,42155
-2892,-268,16016,28,62,-33,-33,21,42,42190
-2848,-268,16100,25,85,-52,-34,23,44,42225
-2892,-236,16064,13,68,-37,-33,21,39,42261
-2876,-328,16100,30,64,-61,-33,21,44,42296
-2856,-224,16080,33,50,-74,-33,21,42,42331
-2880,-264,16012,34,45,-43,-33,20,42,42366
-2852,-248,16044,1,57,-103,-34,21,43,42401
-2864,-224,16160,15,61,-52,-34,22,45,42436
-2888,-224,15956,12,75,-44,-34,22,42,42472
-2852,-280,16080,35,58,-40,-33,20,41,42507
-2888,-248,16160,15,48,-75,-34,23,41,42543
-2904,-296,16036,26,58,-45,-33,20,41,42577
-2852,-316,15944,19,73,-34,-33,21,42,42612
-2896,-320,16088,22,73,-63,-33,20,42,42648
-2888,-272,16020,8,83,-66,-35,21,42,42683
-2864,-272,16172,6,61,-54,-35,24,42,42718
-2900,-344,16080,36,82,-56,-33,22,42,42754
-2892,-240,16108,21,63,-54,-34,22,43,42788
-2848,-268,16072,19,64,-48,-34,23,42,42824
-2892,-292,16028,22,92,-14,-33,23,43,42859
-2904,-248,16148,34,83,-72,-34,22,41,42894
-2872,-272,16180,42,90,-56,-33,22,41,42930
-2824,-292,16128,40,87,-67,-35,24,44,42964
-2864,-220,16184,16,76,-34,-34,20,43,42999
-2900,-284,16056,18,32,-95,-33,22,43,43035
-2872,-292,16128,12,69,-67,-33,22,42,43070
-2876,-252,16020,-11,54,-38,-33,21,43,43106
-2848,-292,16108,11,64,-52,-34,21,42,43141
-2852,-264,16008,30,45,-62,-34,19,43,43175
-2896,-328,16124,24,75,-37,-35,22,42,43211
-2840,-292,16076,25,50,-22,-34,21,41,43246
-2856,-224,16120,31,94,-59,-34,21,42,43281
-2868,-248,16040,24,58,-73,-34,23,44,43317
-2896,-256,16104,28,48,-54,-35,22,43,43352
-2908,-268,16152,-10,59,-42,-34,21,42,43387
-2844,-272,15976,17,61,-29,-33,23,44,43422
-2908,-264,16108,34,65,-43,-34,22,42,43457
-2928,-304,16080,26,93,-57,-35,21,43,43493
-2848,-212,16004,-7,73,-45,-35,22,42,43528
-2904,-272,16080,40,82,-59,-34,22,42,43563
-2880,-304,15996,18,55,-44,-36,20,44,43598
-2884,-248,16040,29,89,-51,-34,21,43,43633
-2900,-272,16100,34,78,-58,-34,23,42,43669
-2904,-264,16056,13,88,-41,-34,21,42,43704
-2872,-284,16088,41,68,-60,-33,23,43,43739
-2948,-296,16072,25,64,-44,-34,23,42,43774
-2868,-236,16036,17,46,-42,-34,21,42,43809
-2864,-284,16120,31,98,-79,-35,22,41,43844
-2876,-224,16080,38,71,-32,-35,23,41,43880
-2896,-304,16040,4,73,-63,-34,23,42,43915
-2848,-280,16048,-9,71,-39,-33,21,42,43951
-2836,-216,16128,10,87,-53,-35,22,42,43985
-2848,-272,16160,-3,57,-42,-33,22,42,44020
-2964,-276,16100,33,75,-54,-33,23,42,44056
-2916,-260,16104,22,60,-61,-34,20,42,44091
-2868,-300,16120,23,80,-89,-34,20,42,44126
-2812,-364,15868,23,80,-188,-34,20,42,44162
-5024,-116,16128,424,129,-2848,-33,23,40,44196
-2344,-800,16752,568,-448,-4758,-32,25,40,44232
-2636,-176,15772,64,-98,-3048,-34,23,43,44267
-2764,-272,16008,433,2,-1849,-31,24,42,44303
-2632,-120,16140,740,-29,-494,-33,24,42,44338
-2904,-260,16092,-322,96,-107,-33,24,42,44374
-2932,-360,15964,-695,178,-213,-32,25,41,44408
-2796,-400,15984,-63,84,-73,-33,24,41,44444
-2796,-376,16132,301,-19,6,-32,27,40,44479
-2920,-256,16120,248,-29,-17,-34,24,40,44514
-2760,-280,16088,70,87,-44,-33,24,40,44550
-2728,-368,15924,-87,-252,-145,-37,24,42,44584
-3008,-712,16004,233,-369,-681,-33,25,45,44620
-1100,444,15980,-200,-911,2139,-33,24,44,44655
-2700,-644,15844,632,-2521,3735,-34,23,46,44691
-2444,-1152,16716,-1749,-2510,2743,-32,20,45,44727
-3340,-212,15964,-2577,-1381,3371,-36,21,47,44762
-2692,-1972,16324,-777,-100,897,-34,21,47,44797
-1220,-68,16276,-780,1318,180,-35,22,45,44832
-2908,-1400,16072,-581,639,378,-33,20,45,44868
-2492,-1700,16508,-549,-120,1210,-33,21,47,44903
-2416,-960,16308,-587,-1533,1210,-36,24,50,44939
-2256,-652,16372,-557,-1222,1248,-34,22,48,44975
-1972,-720,16324,-599,-2114,1947,-34,20,49,45009
-1464,-1252,15900,-447,-1764,2034,-33,22,52,45045
-1360,-1300,16084,-483,-1730,3024,-34,20,53,45080
-932,-1576,15496,-180,1159,1692,-31,18,54,45116
-1884,-332,18380,-2023,1421,2031,-30,19,56,45152
-2112,-2072,17068,-2587,1538,-54,-26,19,55,45187
-2172,-1384,16864,1116,-677,2647,-27,16,51,45222
-2220,-1600,16444,2565,2803,3028,-27,14,49,45257
-1960,-728,17040,2653,4270,1698,-28,14,46,45293
-2708,-1432,17896,4035,561,1775,-31,15,46,45329
-3008,-1312,17492,1387,-462,1723,-33,13,42,45364
-3752,-676,15476,4415,-38,2444,-34,13,41,45400
-2240,-2124,16388,-44,-2045,3243,-35,12,41,45434
-2864,-300,14212,2081,578,2597,-35,11,43,45470
-2648,-1436,17184,-444,-955,3693,-37,11,41,45505
-2584,-1140,15672,1263,693,967,-36,11,44,45541
-4196,-460,13392,3822,-2109,3692,-37,8,44,45576
-788,-1716,14884,-3230,-526,2634,-38,10,44,45612
-2280,444,15556,498,-919,2086,-36,9,42,45647
-2904,-1028,15224,-665,-256,2351,-38,9,46,45682
-2636,984,15536,-338,2609,1131,-38,9,46,45718
-2664,1148,15580,1063,-1566,3408,-36,8,47,45753
-436,1192,17624,-2027,391,2210,-36,8,49,45789
-984,716,16600,2150,-1565,1387,-38,8,50,45824
-1776,136,14636,2209,-241,1137,-38,6,49,45859
-1092,1416,16268,-133,2108,46,-38,8,51,45894
-2476,1272,15364,2014,432,-359,-38,7,50,45930
-2036,1928,15724,-126,787,137,-38,7,50,45965
-2352,2100,16580,-767,319,166,-40,7,52,46001
-2084,1544,16552,1384,5,424,-38,9,51,46035
-2132,1992,16628,14,-797,54,-40,7,52,46071
-2144,2216,16132,1630,24,1040,-39,5,50,46106
84,2344,17256,95,-743,118,-38,5,51,46141
-1328,1896,15716,1517,-1203,-943,-39,8,52,46177
-1244,2240,16068,525,-368,159,-37,7,52,46213
-1032,2500,17092,-15,-1440,-363,-37,5,51,46247
-1892,1912,15988,1451,-887,-693,-38,5,52,46283
-1744,2736,16472,852,489,-646,-39,3,52,46318
-2428,2324,15528,1510,352,-847,-40,6,52,46354
-2440,2368,15088,1192,489,-252,-41,4,52,46389
-2948,2340,15220,-476,752,57,-39,4,49,46425
-2216,1844,14984,251,-58,1030,-40,5,53,46459
-2832,2572,14840,-756,594,1220,-39,5,51,46495
-1360,2444,15620,-1871,166,1811,-40,3,51,46530
-1116,2724,16516,-1307,-957,1134,-38,5,55,46566
-392,2652,15968,-712,-248,733,-38,4,52,46601
-988,3436,16892,-1338,-886,99,-39,3,53,46637
-964,2492,16404,-1303,-608,298,-37,5,53,46671
-948,2504,16832,-123,-456,599,-38,4,53,46707
-860,2000,16080,302,169,402,-37,4,51,46742
-868,1896,16732,-630,-919,347,-40,4,54,46777
-1260,1560,16408,19,224,36,-38,2,53,46813
-1588,1456,16292,908,893,186,-39,4,53,46848
-1312,1292,15760,-191,229,274,-39,4,55,46883
-1988,1300,15952,-519,-176,504,-39,3,53,46918
-1212,872,15964,-562,446,808,-38,3,53,46954
-908,1044,16156,-403,-86,-16,-38,1,53,46989
-1140,1132,15956,-677,-785,-45,-37,3,53,47025
-1000,1064,16336,-910,122,-7,-40,1,52,47059
-1080,1260,16240,-542,64,-577,-38,3,55,47094
-1324,1360,16240,-701,-583,-265,-38,2,54,47130
-1324,1236,16884,257,766,-319,-36,1,54,47165
-1508,1476,16452,1357,334,-183,-38,3,55,47201
-1752,1628,16080,465,796,-211,-38,4,57,47236
-1824,1536,16552,-605,-192,67,-38,3,54,47271
-1544,1104,16204,-413,-802,-227,-39,6,53,47306
-1544,1304,16132,267,-308,-201,-38,5,55,47342
-1244,1156,16028,524,1646,-478,-37,2,53,47377
-1788,1352,16824,868,1257,-318,-38,3,55,47413
-1700,1336,16788,1376,1530,-795,-39,3,53,47448
-1504,1516,15956,1277,1664,-777,-38,7,53,47483
-1740,1524,16448,2108,1547,-202,-38,4,52,47519
-1952,1644,16560,2256,278,-397,-42,4,52,47554
-2044,1936,15984,2528,1974,-55,-39,5,52,47590
-2492,2108,16728,2862,1232,-248,-41,7,53,47625
-2356,2196,16524,3934,-150,563,-42,6,49,47661
-2240,2748,15684,4415,1116,427,-42,5,48,47695
-2552,3296,16564,4631,1977,-138,-44,6,47,47731
-2700,3448,16244,5943,1757,912,-45,7,45,47766
-2828,3344,16388,8464,684,1869,-47,6,45,47802
-2716,4792,15512,8893,1975,1567,-48,8,43,47837
-2532,5364,15456,9822,2069,1304,-49,6,40,47873
-4680,5512,17176,11529,-694,2132,-54,6,39,47908
-2836,6980,14868,11770,-2519,895,-57,8,36,47943
-1704,7752,14012,11572,-3,1301,-56,5,34,47979
-2968,8228,14596,13118,-705,1591,-57,6,30,48014
-2320,8944,14264,13490,-4426,1803,-61,6,27,48050
-1452,10296,11212,12971,-4820,1845,-59,5,21,48086
-1312,10120,11432,13665,1303,1595,-63,5,19,48120
-1904,11888,12112,12919,-1169,1416,-63,6,16,48156
-1176,11912,9916,12914,416,1584,-64,6,10,48191
-1488,12724,10460,14565,897,1844,-65,6,7,48227
-1384,13732,9560,14862,-952,2059,-66,5,4,48263
-836,13872,7708,16689,-721,2406,-65,6,-3,48297
-972,14876,7252,17617,-2160,2196,-65,5,-8,48333
-496,15460,5608,17117,-1606,2174,-65,5,-14,48368
-172,16156,3776,17210,-2008,2912,-63,6,-19,48404
-264,15900,3236,17016,-1855,3272,-62,5,-25,48440
-104,16296,1632,15605,-2012,2322,-58,3,-29,48475
232,16304,-440,14698,-261,2086,-57,3,-34,48510
8,15656,-544,13884,827,1429,-54,4,-36,48545
360,16016,-2748,13676,697,504,-52,4,-38,48581
-124,15936,-2216,12928,202,934,-51,2,-42,48616
596,15800,-4240,13356,2681,349,-48,4,-47,48652
576,15808,-4300,13834,-1459,1138,-47,7,-50,48687
664,15356,-6492,14330,1178,968,-42,4,-53,48722
588,15496,-6032,14868,-860,911,-41,5,-54,48757
652,14216,-7220,13772,-828,798,-37,5,-56,48793
508,14356,-9500,12068,137,-92,-33,5,-58,48828
992,13860,-9436,12680,-1144,512,-30,6,-59,48864
1152,12788,-9848,11980,-1585,993,-27,7,-59,48900
652,12676,-11296,12084,-1973,993,-23,7,-61,48934
1080,11764,-12300,12842,-757,1351,-19,5,-63,48970
496,10972,-11936,12449,-2800,1771,-15,7,-64,49006
428,9600,-13004,12082,452,533,-12,7,-65,49041
480,9368,-13256,10703,-797,58,-5,8,-65,49077
-40,9672,-11436,9310,-2932,83,-7,10,-66,49112
92,7360,-16220,10249,-3782,1162,-2,10,-65,49147
-52,7584,-14832,9463,238,-266,3,9,-66,49182
-124,7576,-14856,8172,-1238,-536,4,10,-66,49218
172,6560,-14724,8413,-3897,906,9,9,-66,49253
52,4768,-18044,11433,-1340,1150,11,13,-64,49289
-380,5076,-15640,14453,-436,319,14,12,-62,49324
112,4032,-15872,13646,-1021,747,17,12,-63,49359
812,2568,-17448,13504,1816,2294,20,12,-61,49394
-216,1952,-16500,16594,3460,2462,28,9,-57,49430
-164,244,-17536,18037,1330,2142,34,10,-57,49466
364,-840,-16340,16185,2643,1690,35,9,-53,49501
456,-1312,-15352,15298,2234,2077,38,8,-51,49537
-240,-3924,-17092,15211,2794,1829,43,6,-47,49571
452,-4156,-15464,14648,4075,-623,45,6,-44,49607
1140,-5136,-14576,13405,6037,-1136,46,5,-40,49643
2136,-6272,-14004,12472,4633,-1213,49,1,-38,49678
2604,-8172,-14400,11753,6596,-604,52,1,-37,49714
2380,-7772,-13160,11164,4533,136,53,0,-34,49748
2340,-7664,-14944,14128,7155,-190,55,-1,-31,49784
2508,-9596,-11652,14284,9999,-1483,57,-3,-22,49820
3432,-9944,-12072,13751,10304,-3364,58,-7,-19,49855
5372,-12880,-12048,12427,6533,-3539,60,-7,-14,49891
6228,-11372,-10668,11766,3456,1169,62,-6,-14,49927
5944,-11620,-9036,13760,9030,-680,63,-8,-6,49961
4568,-11896,-7720,14922,11667,-1672,61,-8,0,49997
7396,-13852,-6588,17637,14442,-6505,61,-11,3,50033
8900,-13500,-5120,15238,11564,-1561,60,-11,9,50068
7632,-14136,-3556,15254,11642,-1,60,-13,14,50104
9396,-14728,-2972,16481,13375,1767,59,-12,20,50140
6844,-13764,-2812,18817,14638,3052,55,-9,27,50174
7524,-14148,1048,20451,9109,2317,52,-8,32,50210
4116,-14316,2860,17764,8424,-258,49,-7,37,50246
8932,-14204,5388,16119,5380,-1638,48,-6,44,50281
6940,-13712,5360,14217,8339,1123,46,-7,43,50317
7184,-13284,6368,14865,7091,-99,41,-2,46,50352
7048,-13116,7480,14228,6088,1864,39,-3,49,50387
6556,-12524,8724,15107,6279,1594,36,-1,52,50423
4700,-13264,9812,15103,6521,1344,33,0,55,50458
6576,-11000,11384,13987,5676,3507,28,3,54,50494
4452,-10724,10512,13416,5665,3503,23,4,57,50530
4824,-9776,12492,14734,4842,4031,17,6,59,50565
4252,-9356,13176,12265,6018,5549,16,7,59,50600
2928,-8200,13392,10480,3713,4972,12,8,61,50635
2980,-8420,14204,10073,2737,4651,9,13,61,50671
2132,-7112,14720,10298,3162,4097,5,12,61,50707
2496,-6984,14860,11705,1550,3293,1,12,59,50742
2800,-6316,15888,10153,894,3389,-3,13,62,50778
2036,-5808,14800,11071,5064,3290,-5,16,60,50812
1316,-4364,15872,10108,2454,2967,-10,18,59,50848
1664,-3692,15840,11602,2884,2680,-13,16,59,50884
1472,-2928,16500,11740,1601,3812,-16,18,58,50919
1640,-1812,15080,13746,2190,2930,-20,16,54,50955
716,-868,16568,14043,1551,3840,-22,18,53,50991
1332,12,15952,14013,930,4049,-28,17,55,51025
-148,1528,17324,13908,2637,2754,-33,15,52,51061
48,1064,16260,10573,3395,1363,-38,18,51,51096
844,3140,16796,6169,3896,2320,-37,17,48,51132
600,3440,16340,2685,3662,3601,-37,20,48,51167
-144,3192,16392,1566,4834,3961,-38,20,46,51203
-620,3288,15692,-264,3644,3575,-37,20,46,51238
-572,2824,13632,2631,4715,6461,-41,20,48,51273
-788,3272,15452,2903,927,4320,-41,18,45,51309
-1700,4020,17032,813,596,1962,-40,19,45,51344
-496,4072,16000,-1497,1515,1030,-38,18,47,51380
-1388,4232,14652,-1440,503,-818,-39,20,45,51415
-2912,3168,15840,-141,-4270,-5122,-39,20,47,51450
-2164,3192,18676,-1428,-4944,-9971,-38,19,49,51486
-1676,3012,16888,-8027,-6946,-13165,-35,21,49,51521
-2016,2368,15808,-7779,-11552,-18952,-30,20,49,51557
2236,3172,15920,-7376,-15590,-20880,-29,18,54,51593
2616,832,14884,-6076,-9588,-20570,-24,18,55,51628
4144,2180,15388,-2868,-5256,-19643,-23,17,57,51663
5120,2792,15228,-1880,-5071,-14841,-18,17,58,51699
3540,816,15580,489,1520,-12912,-19,19,54,51734
2080,1520,15768,773,2774,-13613,-17,20,57,51770
1116,1152,17808,-1066,-986,-15373,-14,20,56,51806
1648,2348,16732,-4684,-2470,-15699,-12,21,56,51841
904,472,17656,-6161,-3107,-19272,-9,22,59,51876
1504,2520,16920,-6767,-3791,-21926,-3,20,58,51912
2232,1012,16500,-8984,-6411,-21025,2,18,59,51947
3792,2072,14488,-8051,-4512,-21159,5,19,59,51983
2992,1572,15840,-4269,-1776,-18522,7,16,61,52018
3592,328,13080,-1673,2964,-15644,10,14,59,52054
2228,1264,15564,3915,1957,-14019,12,13,59,52089
1528,728,13816,4681,4551,-11953,10,17,58,52124
-10988,5424,31136,3608,-9962,-17549,9,12,61,52160
472,4128,19808,-5986,-5378,-25409,13,12,59,52196
5480,3092,14484,-9329,-9722,-21166,18,5,59,52231
4616,1180,13428,-3515,-1792,-15467,19,4,59,52267
2796,872,15536,-2499,-4544,-15642,24,0,59,52301
3472,600,15292,-649,-3051,-16258,19,-2,58,52337
2568,1572,14856,803,-6784,-17111,22,-6,59,52373
4552,2800,14984,1844,-7926,-24281,21,-13,61,52408
864,4652,17956,-616,-18669,-28285,21,-17,61,52444
6544,6204,10344,-4158,-18380,-28785,17,-27,56,52480
8448,4780,15568,-2053,8058,-24298,15,-26,57,52514
6412,4428,15148,-2674,11632,-19408,14,-26,57,52550
3384,824,15788,-2052,7274,-14071,13,-25,58,52586
3156,5136,16524,-1483,-5093,-9684,13,-27,58,52621
1616,5152,15148,-2151,-1092,-11143,11,-29,58,52657
3660,3300,15216,-1952,6380,-11516,12,-28,57,52692
2612,5684,15088,-589,-11146,-10456,10,-30,58,52727
2456,5432,16820,-1513,9388,-11966,9,-29,56,52763
2740,5084,16500,-6051,1361,-10783,9,-29,57,52799
4,4040,17560,-3776,-2360,-11900,10,-29,58,52834
440,4036,14756,-6324,-12413,-13895,9,-33,55,52870
2184,4956,11772,-4524,-8967,-14575,7,-35,54,52904
800,4252,16904,-3012,-7556,-14848,6,-38,54,52940
2772,1864,13124,1137,-7299,-15618,4,-41,50,52976
1920,4372,14132,2885,-513,-15533,1,-38,50,53011
1872,4384,17432,7247,-3561,-15806,-6,-42,51,53047
2392,7220,17040,4863,-7204,-16488,-8,-42,47,53083
2912,6204,15888,-4129,-819,-13642,-9,-44,50,53117
1640,6636,17068,-6327,-4325,-14718,-8,-44,48,53153
3760,5124,13520,-3767,-2576,-14459,-13,-42,47,53189
1084,4584,15172,-3120,-3515,-14724,-13,-43,48,53224
932,6816,15820,-2844,-2273,-17519,-17,-42,49,53260
3360,6084,17072,-3988,-2693,-17998,-22,-42,49,53296
1672,5312,15192,-4068,-2691,-18931,-20,-39,49,53330
4316,5824,15800,-3457,-19,-21000,-24,-39,48,53366
2572,5884,15056,-2304,-4594,-20468,-25,-37,48,53402
3744,4704,12824,-68,-1398,-20805,-27,-35,48,53437
2656,3884,13620,2136,1930,-21757,-36,-28,47,53473
-1368,4352,16008,4210,-2764,-20450,-37,-27,47,53509
-4656,4132,17304,1616,-7941,-23138,-42,-24,48,53543
720,7348,15440,-172,-4348,-25617,-44,-20,46,53579
352,7468,17388,-2733,-6158,-19519,-44,-17,45,53615
248,6516,15360,-3000,-11260,-19999,-44,-15,43,53650
620,5288,15640,-6524,-2323,-13930,-45,-14,46,53686
-3860,3320,20124,-6609,-13428,-15025,-44,-13,46,53722
2660,5796,14120,-7445,-8389,-16283,-44,-13,46,53756
2376,2444,13740,-4126,-6176,-12053,-41,-11,48,53792
1220,3520,16232,-3495,-2277,-12230,-44,-9,48,53828
920,2916,16060,-4864,1894,-12161,-42,-6,46,53863
1892,2052,13876,-4433,6896,-10378,-41,-2,49,53899
1272,2904,15096,-1452,13239,-6662,-39,0,49,53935
-3052,1576,17408,-432,16715,-5399,-42,7,48,53969
-3616,1896,16832,-2736,20698,-5297,-40,12,50,54005
-3024,2112,13100,-531,22379,-3450,-39,20,46,54041
-7420,-304,14576,2729,24112,2922,-41,24,45,54076
-9784,3064,13388,5623,21628,-374,-41,29,40,54112
-8696,3128,12716,4472,27530,2425,-43,33,36,54147
-13116,1288,13112,5397,23953,438,-43,40,28,54182
-12168,5104,11452,5327,21335,277,-46,41,21,54218
-14040,3528,8712,2634,25949,963,-42,44,18,54253
-15420,2464,6516,6403,22012,-1470,-47,47,13,54289
-14644,5424,6992,6204,19488,216,-49,50,10,54325
-14732,3644,3816,5400,20143,2331,-49,50,3,54360
-14360,3628,4272,6458,14396,4629,-48,51,-2,54395
-17424,4692,2100,591,15394,4284,-46,48,-8,54431
-16920,4308,-452,1228,17209,2749,-49,49,-12,54466
-16308,5476,660,1851,14256,2728,-51,50,-13,54502
-16404,5136,-1996,-361,17352,3447,-51,49,-16,54537
-15240,5896,-4788,935,17998,2975,-52,46,-19,54573
-14816,6344,-4976,2517,17124,4272,-51,43,-23,54608
-14348,6788,-5136,1428,18282,4158,-52,41,-26,54644
-13120,7088,-6588,603,16375,3618,-52,39,-28,54679
-12564,7768,-7932,249,15468,4286,-53,35,-33,54715
-14228,5496,-8188,857,12269,2482,-53,33,-32,54750
-11816,6836,-10696,612,13813,-137,-51,31,-34,54786
-9216,7004,-11360,2709,12410,971,-52,29,-35,54821
-10188,7148,-10060,2529,11285,3119,-50,24,-39,54857
-10372,7120,-10184,1786,10221,2203,-53,25,-40,54892
-8784,7664,-10720,1307,9534,919,-52,18,-42,54928
-7968,5992,-11324,1354,7449,-53,-51,21,-41,54963
-7512,4824,-12632,1852,6014,-54,-51,18,-42,54999
-8232,7384,-12352,1408,7002,256,-51,18,-44,55034
-5820,6956,-12076,1314,6077,-1677,-51,16,-43,55069
-9304,5996,-11220,-1119,7169,-2500,-51,16,-46,55105
-7320,4628,-14904,-2865,13017,-4763,-49,15,-44,55141
-5676,7052,-12000,-5182,17726,-8966,-52,13,-43,55176
-3576,7460,-13824,-9976,25966,-12095,-53,12,-41,55212
-3280,7680,-14328,-6717,32767,-15650,-54,9,-41,55247
1732,7752,-15880,-238,25547,-8446,-53,6,-38,55282
-364,6568,-17420,9252,9795,-1377,-52,2,-42,55318
1932,7276,-14956,8261,13193,-92,-51,0,-43,55354
1492,5752,-15116,5668,14937,1125,-51,-2,-43,55389
2264,5748,-13440,1369,17490,432,-50,-4,-42,55425
5464,6424,-17476,-2068,21152,1301,-50,-11,-41,55460
3864,5396,-15108,3775,17201,898,-49,-12,-39,55495
5184,4988,-17360,-1503,8917,1949,-49,-14,-40,55531
6308,4584,-17676,-487,5339,-4881,-48,-14,-38,55566
7720,6116,-16508,1171,7752,-6276,-51,-14,-36,55602
10984,7468,-13272,-252,13797,-1971,-47,-17,-37,55638
10048,7044,-11756,-4006,19427,2066,-51,-20,-34,55673
11680,5776,-12396,-3624,17435,5131,-50,-26,-29,55708
10156,5624,-10620,-3134,17267,3862,-49,-28,-28,55744
10104,3860,-8772,-3044,17077,727,-52,-31,-22,55780
9900,5192,-7048,-3030,15136,-3894,-50,-33,-17,55815
11192,6768,-7372,-1687,10862,-5231,-51,-32,-16,55851
12196,5552,-6752,-1445,12632,-6347,-52,-33,-14,55886
14548,6216,-7096,840,9369,-5840,-53,-33,-14,55921
14648,8612,-6588,796,8630,-4232,-54,-32,-13,55957
15316,7644,-5348,588,7533,-193,-56,-32,-11,55993
12712,8436,-5004,-106,6045,670,-56,-32,-11,56028
11952,8212,-4704,-2319,7617,-1296,-53,-32,-8,56064
12208,6876,-6872,-397,3560,-2338,-55,-31,-6,56098
23736,9536,-1992,-236,1382,-2419,-56,-31,-7,56134
13912,8096,-3956,-1738,5887,923,-55,-32,-6,56170
12556,6640,-2940,-1981,4115,-2848,-55,-31,-5,56205
11764,8488,-4228,-2868,6889,-6638,-56,-30,-4,56241
14748,8460,-4016,492,10953,-7441,-57,-29,-1,56276
14612,11604,84,2978,8480,-1927,-58,-29,-1,56311
14672,11144,560,-1328,2364,4250,-56,-31,0,56347
14016,8504,-1172,-5794,4233,9047,-57,-31,2,56382
15876,8972,-1068,-7329,5191,7868,-55,-33,4,56418
12420,5376,-872,-5607,6505,7655,-52,-36,10,56454
12068,4948,-668,-4460,11046,1354,-53,-35,11,56488
14056,6040,576,-1946,14748,-3583,-54,-33,13,56524
14800,7164,2960,-487,17344,-6133,-56,-31,19,56560
14904,9428,5236,-3942,14559,-3506,-56,-29,18,56595
17168,9256,5804,-5625,17829,-601,-53,-27,25,56631
13944,8116,6348,-5234,25519,5822,-52,-26,27,56667
6184,4836,6920,884,23215,5721,-51,-23,30,56701
10012,5876,5624,13175,21368,-2884,-54,-19,33,56737
11612,10396,5900,16148,24516,-3458,-57,-16,29,56773
10528,10492,15904,1890,13009,6330,-57,-17,30,56808
6264,8244,14624,-12117,8603,3462,-52,-14,33,56844
8360,8148,8552,-11462,7528,2625,-52,-14,36,56880
6340,5060,11436,-2484,19606,1884,-51,-12,39,56914
4712,6408,15604,-4418,22230,881,-51,-10,39,56950
6368,7612,13552,-7071,7481,2167,-50,-7,40,56986
2540,3756,14016,-2836,12892,2074,-50,-6,43,57021
2952,4248,14972,-286,18292,926,-50,-4,43,57057
2320,5204,16532,-1709,16919,1020,-49,1,44,57092
796,5500,15376,-2382,13405,792,-48,4,42,57127
-1152,5296,15228,1305,14462,-1623,-48,6,40,57163
-3788,6372,17744,3063,13493,-7130,-48,10,42,57198
-524,6780,16496,4721,9986,-9402,-48,13,40,57234
-2236,7648,17500,6585,11457,-9400,-49,19,38,57269
-3932,6872,18276,6308,8761,-12597,-50,25,35,57305
-3424,7532,16768,4379,2235,-14129,-49,29,32,57340
-3560,5680,12436,9777,3117,-12424,-50,33,31,57376
-4936,5276,13612,16808,7394,-10884,-49,36,25,57411
-7060,7812,13780,18337,2600,-10488,-49,40,21,57447
-7896,7148,13396,20889,6309,-11038,-48,44,13,57483
-6992,8736,12184,20125,3825,-10418,-51,46,9,57518
-6532,10884,8256,23290,351,-7147,-49,48,5,57553
-11796,10972,11052,25110,3594,-8719,-46,51,-4,57589
-7208,12248,8332,20376,-953,-11243,-45,54,-4,57624
-7500,12128,7428,17903,-1814,-8047,-41,54,-9,57660
-10588,11076,5828,10718,-8247,-8042,-39,56,-8,57696
-11808,11068,2512,5606,-13021,-10489,-38,55,-7,57731
-9132,7852,2940,5668,-16747,-13381,-34,61,-4,57766
-10696,9568,5736,8062,-13279,-12738,-31,60,1,57802
-9996,12160,7352,7608,-11980,-15836,-26,63,3,57837
-10220,8736,9604,-1549,-20313,-16643,-24,63,10,57873
-10100,6452,8020,-5818,-20245,-17221,-17,63,17,57909
-9428,6700,8460,-8408,-25286,-18325,-10,58,25,57945
-9284,4276,11308,-8783,-24116,-14844,-5,56,29,57979
-7496,2376,13316,-7189,-20144,-11908,-1,51,35,58015
-7692,2288,13848,-9516,-16902,-13196,4,48,40,58051
-7516,1564,16580,-11442,-16051,-14593,7,43,42,58086
-2924,1436,15612,-12484,-9301,-12785,14,40,45,58122
-5060,-1576,16860,-14658,-14329,-9631,19,40,45,58158
-3512,-3612,13932,-13384,-10531,-11287,26,34,48,58193
-4680,-7284,16712,-10705,-10345,-12613,29,29,46,58228
-3296,-4728,15100,-9542,-20061,-16767,35,21,49,58264
-888,-6576,16432,-7005,-5463,-20486,38,15,46,58300
868,-3844,20260,-6371,-8000,-21517,38,11,45,58336
4188,-3724,16572,-5137,-8459,-17361,43,6,43,58371
3676,-5988,16976,-4504,7905,-15794,45,3,45,58406
2064,-5540,16432,-2339,10301,-15801,44,3,44,58441
1500,-3904,15084,135,7432,-16749,46,-2,45,58477
1772,-4116,13672,6361,5510,-15750,43,-2,45,58513
2016,-2860,14752,10267,11478,-11952,42,-2,45,58548
-7260,-2964,17832,13488,11545,-9356,40,-2,48,58584
-5448,-420,11396,16940,21665,-12255,35,1,51,58619
-4772,1120,16196,19322,32767,-4624,29,10,52,58654
-7692,3080,13836,17080,20338,1736,23,14,53,58690
-11212,3004,18260,8344,24996,3690,21,23,54,58726
-8700,468,13932,1888,23674,2622,20,28,50,58761
-3524,7600,10996,-4353,14796,5353,21,36,47,58797
-12860,3020,12296,-5999,18204,11232,19,41,42,58832
-9108,3052,8456,-4091,3913,17220,18,43,43,58867
-11720,5688,13220,-2779,4127,16642,14,44,42,58903
-11488,4524,9600,-2704,4734,15920,12,49,41,58939
-14500,2448,9600,-222,3126,10363,7,46,39,58974
-11764,7108,11484,-650,11338,6384,7,50,35,59010
-11084,3812,10136,-1078,1346,9163,3,51,35,59045
-6844,2396,8944,-1425,1868,11143,3,52,35,59080
-10580,9920,12576,1385,-3463,19287,-1,53,36,59116
-7108,9688,9748,2174,-12743,26026,-8,50,38,59151
-7628,7676,9116,1805,-1069,29031,-14,48,39,59187
-8376,11472,15444,4357,-9083,29221,-22,44,41,59223
-5348,11660,12356,1360,-10238,28010,-28,38,41,59258
-4732,7404,11668,-1298,-10629,25340,-33,33,44,59293
-320,13572,13112,-1443,-7889,21478,-33,27,46,59329
1308,10168,11016,-4562,-6839,21443,-39,21,48,59365
2588,8220,13220,-5487,-5613,23335,-38,17,48,59400
6216,11404,11340,-10433,2491,19244,-38,14,51,59436
2300,8316,11348,-13478,-8358,27420,-35,6,52,59471
3076,5296,11588,-17196,-8488,25195,-30,1,56,59506
4156,5660,12012,-16189,-4742,18329,-27,-4,60,59542
6632,108,13084,-16123,-5386,13031,-23,-7,60,59578
9720,-2336,12328,-20373,-5014,12025,-17,-11,62,59614
10556,900,13852,-18971,-3439,12118,-9,-11,63,59649
10020,-4164,12908,-24955,418,10627,-1,-12,62,59684
9044,-4728,11216,-24879,942,9006,7,-11,64,59719
7808,-3792,8924,-25340,879,5709,15,-8,59,59755
8260,-8640,11032,-20463,6173,-2300,19,-5,60,59791
10588,-7780,15032,-17186,2439,-5084,26,-8,57,59826
13460,-5944,13672,-16053,3662,-3307,30,-7,54,59862
11648,-9184,8096,-17632,-6539,-1420,35,-11,54,59897
7856,-10128,8868,-16827,1254,-1716,38,-8,51,59932
4184,-12244,11012,-6684,8557,-5569,39,-8,50,59968
7388,-13080,9280,-4241,10177,-14770,40,-8,49,60004
8736,-13708,12304,-5584,21167,-19122,41,-7,49,60039
5516,-11824,11672,-7076,27580,-24826,42,-5,45,60075
9920,-6924,14220,-11637,24411,-32768,44,-7,46,60110
9788,-5056,14548,-14547,30503,-29328,47,-5,43,60146
10448,-2384,13008,-15871,28525,-21633,47,-4,40,60181
6996,-7532,11312,-11269,32767,-14218,51,-2,37,60217
2856,-7236,12276,-3525,26123,-10697,52,1,37,60253
1848,-8168,13052,1566,26830,-7070,52,3,35,60288
-1708,-8112,15960,2917,32767,-7754,52,6,36,60323
-2876,-7816,19068,2183,32767,-10766,51,10,34,60359
-880,-7460,16316,1775,32767,-5849,50,15,31,60394
-2180,-6120,14748,3633,32767,4470,50,23,29,60430
-9900,-5084,12092,3012,32767,13118,48,32,22,60466
-15612,-4396,9656,3279,32767,15522,42,40,14,60500
-16080,-3900,6640,2590,23405,14254,42,50,12,60536
-13780,-4292,4264,6344,21653,15417,38,51,10,60572
-14536,-2020,9144,9658,17395,21466,35,57,6,60607
-13488,2088,6884,4159,21147,24449,26,59,0,60643
-19112,4480,9264,-217,16997,29118,17,65,-3,60679
-14904,4048,408,3431,-391,30868,6,68,-5,60713
-17812,8120,-708,2899,13085,32767,-3,68,-8,60749
-18884,8328,5016,8266,8209,31577,-12,67,-11,60785
-14156,7768,2100,508,6200,25854,-21,65,-13,60820
-11836,11116,-1360,-1676,14942,23636,-26,64,-16,60856
-8868,10816,2220,2650,-6170,25117,-34,60,-16,60892
-3396,11492,-2544,-3829,1506,27905,-43,55,-15,60926
-10388,15548,428,-5108,10122,29078,-48,48,-16,60962
-6736,11440,-804,-3476,-6774,23945,-52,46,-13,60998
-4540,12320,-380,-4840,-1896,21784,-57,39,-12,61033
-16,14420,2256,-2766,-2033,21662,-61,34,-10,61069
2488,16324,3260,-6803,-11478,25027,-63,25,-6,61105
3276,15776,384,-13300,-3071,29136,-65,17,-4,61139
6260,15068,-2724,-12998,-4592,30376,-64,7,1,61175
3952,11984,2372,-12539,-5351,28155,-67,-3,5,61211
8748,11660,3784,-14354,-1363,26700,-63,-12,10,61246
10404,11928,5008,-16519,-845,25093,-60,-19,15,61282
9904,10488,4080,-18742,-3388,24845,-56,-27,18,61318
10852,4316,4100,-17642,-848,21147,-50,-31,24,61353
11428,2100,7044,-16923,1973,16112,-45,-39,26,61388
14056,2512,6312,-19467,2957,11868,-41,-39,31,61424
15528,1132,9204,-18554,4386,9968,-35,-41,37,61460
14304,1076,8432,-25617,9101,9874,-29,-41,40,61495
12600,-1060,6768,-24735,8596,5485,-23,-40,48,61531
13992,-3208,10176,-23217,8834,2774,-17,-40,49,61566
14312,-5128,9776,-26680,13085,2022,-11,-35,52,61601
10248,-5940,11240,-21784,19717,-6508,-7,-31,56,61637
16992,-3720,13824,-22280,16842,-11936,-2,-27,59,61673
11696,-5504,8824,-23495,14416,-5060,3,-22,60,61709
4376,-7652,13404,-11549,20332,-21222,7,-17,61,61744
17560,-7396,14520,-20513,25006,-28253,10,-9,60,61779
9564,-1864,14172,-12014,17323,-19396,16,-8,62,61815
6476,-8336,12332,-9223,24404,-28423,16,-2,62,61851
6984,-8084,15144,1274,24771,-29885,16,3,60,61886
3968,-3884,18552,6543,23867,-32768,17,7,61,61922
3316,-300,17500,10923,29821,-32768,15,14,59,61958
28,1928,17176,20208,31230,-32196,11,22,55,61992
680,4268,15992,23120,32767,-30016,7,29,53,62028
-2268,3740,16804,24282,32767,-24408,6,38,48,62064
-6124,6560,13200,27394,32767,-19150,4,43,43,62099
-8132,6752,13208,27032,32767,-16649,4,53,35,62135
-9836,5152,13904,25608,32767,-11222,2,61,22,62171
-10044,6632,9940,20695,32767,-6330,2,64,12,62205
-12152,5496,3688,17641,32767,-2003,3,68,3,62241
-14072,7072,-340,20586,30814,2788,0,69,-8,62276
-15616,9860,-6284,22676,30772,5453,-2,67,-17,62312
-13260,6696,-7508,25373,30613,8347,0,66,-23,62348
-13248,7260,-5092,20008,24228,12062,0,66,-33,62384
-14252,7148,-9020,15750,20363,8499,-1,62,-37,62418
-9932,688,-12636,16969,27356,5259,-3,57,-42,62454
-6512,1336,-20220,14385,26974,3451,3,53,-49,62490
-4464,7376,-13504,13514,24914,6293,3,45,-53,62525
-4288,7108,-13312,7894,27387,8939,7,40,-56,62561
-484,4412,-16044,-863,18820,9178,5,36,-58,62596
3268,3644,-18844,-135,25105,14776,2,31,-61,62631
1436,4172,-18448,2574,22242,18769,3,23,-62,62667
6128,5024,-20996,5738,26861,19458,2,17,-65,62702
4740,4524,-14328,3845,25746,20441,3,8,-64,62738
5084,2068,-13744,3822,24721,18383,7,0,-65,62774
2840,1936,-14168,2706,20750,14757,7,-5,-61,62809
8772,-2536,-6596,6514,24398,11318,11,-11,-59,62844
14732,-1880,-2208,-5437,32767,13859,10,-20,-56,62880
12360,1052,-11416,-20602,25072,13534,6,-27,-53,62915
6824,3240,-10248,-9570,24741,7156,7,-33,-49,62951
14960,-7216,-5952,-17375,19723,-4119,1,-38,-45,62987
20684,200,-4880,-12043,22879,-1184,-2,-43,-41,63022
16348,7376,2672,-13517,22436,271,-4,-47,-34,63057
16812,2796,3036,-20939,17810,-1935,-7,-51,-31,63093
16600,1124,2372,-21152,20788,-4066,-11,-55,-26,63129
16488,1120,3704,-19938,22489,-6339,-16,-55,-17,63164
14508,4000,4908,-21720,19807,-7841,-19,-58,-9,63200
16616,-924,5892,-21030,18564,-12045,-23,-56,-1,63236
17844,2744,6892,-22770,16145,-9830,-25,-58,4,63270
14776,2732,6960,-20399,15229,-7614,-26,-56,11,63306
12520,612,7372,-16609,17859,-8069,-28,-55,19,63342
12876,-132,9564,-14470,14363,-11600,-29,-55,24,63378
12976,2908,11664,-13004,11053,-11895,-30,-51,28,63413
12212,-2300,11808,-14026,11112,-12975,-33,-47,33,63449
12168,1412,11920,-14040,8368,-15277,-31,-45,37,63484
10280,-460,11336,-11806,5896,-16029,-31,-42,38,63520
10108,-740,12016,-7764,5364,-18213,-35,-37,40,63555
7848,1116,13592,-5774,8780,-21303,-38,-30,44,63591
9028,-364,14076,-8483,3267,-24356,-38,-26,44,63627
7852,1792,10840,-8266,3398,-25997,-39,-21,46,63662
7056,2392,11500,-4698,-1023,-27433,-41,-17,46,63697
8620,728,12392,447,-1575,-29405,-44,-11,46,63733
5664,5072,11672,4394,3077,-30722,-45,-2,47,63768
8360,5712,14932,9965,-6989,-32659,-48,1,46,63804
8336,11704,14092,9263,-4518,-26957,-49,6,41,63840
3856,6444,9836,17119,-1065,-28875,-51,14,38,63875
-804,13880,15012,23242,1810,-28607,-54,21,33,63910
-460,12572,12072,14772,-59,-32768,-52,30,28,63946
-1184,16016,9612,20123,6609,-32768,-49,40,20,63981
-3540,16876,10760,21975,3438,-30885,-44,46,14,64017
-3528,20100,8904,13683,3165,-27684,-42,52,13,64053
-4492,14728,7448,10646,-1826,-20740,-36,58,12,64089
-6784,14400,5252,7307,-3558,-18682,-32,57,10,64123
-7924,14748,4692,9523,-11314,-17110,-30,60,15,64159
-6460,11856,4604,11389,-13749,-14733,-26,58,16,64195
-7184,11520,6380,11260,-22479,-13363,-23,56,21,64230
-9356,12376,9220,6790,-26241,-10673,-21,53,29,64266
-9880,8168,8824,-785,-32768,-14543,-17,49,38,64302
-4224,9224,88,-2987,-30676,-17638,-12,42,44,64336
-6388,11708,9116,2153,-32768,-11059,-9,33,54,64372
932,8416,6916,8076,-32768,457,-13,25,56,64408
-496,11856,16804,13952,-27231,10882,-18,15,60,64443
-15496,12552,32767,6916,-32768,13355,-21,0,61,64479
-5420,13944,32767,-4897,-4010,12343,-20,-2,62,64515
-1732,11084,17876,-16529,-16316,6430,-14,-8,63,64550
908,10328,11216,-15515,-16698,-402,-10,-14,63,64585
3776,9056,11724,-8750,-13960,-3195,-7,-19,62,64621
3900,8504,8848,-2503,-9786,-7993,-7,-23,60,64657
3968,10640,13052,3007,-13369,-9211,-8,-24,61,64692
7180,9716,13016,2523,-9470,-9135,-9,-30,60,64728
7080,10756,12196,691,-11662,-6066,-9,-30,60,64763
6088,10584,14692,-2502,-11964,-1783,-12,-36,53,64798
6540,9824,13784,-6804,-17800,-387,-7,-37,55,64834
7276,9516,10496,-8420,-13671,-444,-5,-40,52,64870
7364,8388,10092,-5398,-13049,-3102,-6,-45,51,64905
8148,9048,11172,-2969,-17964,-7222,-6,-48,47,64941
5344,9908,9608,-2083,-24338,-10103,-7,-52,42,64975
8368,9480,9744,-4905,-15382,-13866,-12,-55,36,65011
8496,10676,8164,-5219,-14007,-13208,-13,-56,33,65047
6608,9856,19712,-196,-3192,-6855,-14,-55,33,65083
11436,12260,8592,-7223,-18429,-3139,-14,-57,29,65118
10460,12184,4304,-9843,-12769,-867,-12,-59,27,65154
10148,10904,1696,-8901,-9090,-5647,-13,-59,24,65189
10156,10044,2812,-2775,-7308,-8804,-15,-57,22,65224
11636,10948,3532,4540,-4736,-8637,-19,-58,21,65260
10900,12432,6676,6082,-1964,-6680,-20,-56,18,65296
11148,12392,8132,3843,-5251,-3900,-23,-58,17,65331
8156,11200,8048,986,-10285,-2581,-24,-58,13,65367
8472,11560,8512,-3113,-9371,-4679,-26,-59,11,65402
10528,14688,3132,-3105,-4477,-4204,-25,-59,12,65437
11728,12924,652,3065,477,1453,-27,-59,11,65473
8548,11688,13256,1221,-12845,-570,-25,-58,7,65509
8932,10392,3560,-3180,-5473,-3848,-26,-57,5,65544
8328,10888,1484,2677,-4561,-5748,-27,-56,4,65580
9240,14884,4656,72,-2373,-7921,-33,-56,4,65614
9084,14620,4220,-19,-7347,-9157,-35,-53,0,65650
8368,12384,2220,1827,-13702,-8654,-36,-52,-3,65686
9028,12336,2212,-1627,-18387,-6362,-36,-51,-7,65721
4104,15020,1732,-1798,-21024,-10020,-38,-47,-11,65757
7156,13784,-16,-4223,-18328,-15507,-44,-42,-17,65793
7664,19336,2668,-8004,-18526,-12456,-47,-38,-18,65827
3852,15200,236,-2360,-20290,-4280,-47,-35,-22,65863
3612,14140,1568,-1798,-18873,-10044,-49,-31,-24,65899
5120,17068,1000,-2859,-19538,-7879,-48,-26,-28,65935
748,13228,9896,-2932,-22285,-230,-54,-21,-31,65970
244,16064,-1132,4603,-21699,-4155,-52,-16,-36,66006
424,16060,-2908,1012,-17499,-13519,-52,-13,-38,66041
496,14524,5488,-5156,-25641,-14392,-55,-3,-38,66076
-580,22800,-328,-20442,-11423,-17324,-57,1,-33,66112
3748,22248,-1176,-17917,-7642,-9057,-61,7,-27,66148
772,14436,-3016,-10777,-10025,-510,-62,6,-24,66183
220,15720,2780,-8632,-9354,-119,-64,5,-23,66219
300,16936,3440,-10703,-8977,-1347,-64,8,-16,66253
2616,19224,1492,-14426,-7298,917,-65,7,-14,66289
-1372,14224,3584,-11024,-11834,5327,-67,7,-12,66325
-536,13004,2884,-2443,-21731,2319,-67,5,-9,66360
-248,13216,4452,-788,-25648,-5102,-64,7,-10,66396
5288,15084,128,-5887,-2019,-6371,-67,11,-6,66432
6872,17140,-1788,-3822,1570,420,-65,9,-6,66466
4336,17256,3384,2552,219,9765,-66,7,-8,66502
3840,16236,6420,1137,-234,13962,-66,3,-6,66537
2296,17720,9288,-4069,2408,17559,-66,-1,-5,66573
2596,14528,9664,-10679,375,19013,-66,-8,-1,66608
3892,11604,8136,-14658,-1274,19738,-65,-17,3,66643
5552,8024,7316,-17903,1960,18025,-60,-23,8,66679
5712,9436,6000,-20769,4695,15811,-56,-26,15,66714
6656,7732,7296,-18163,-1102,16036,-51,-30,20,66750
7600,5236,9776,-16418,1071,14797,-49,-35,23,66786
9284,3520,10416,-18385,-1405,10782,-45,-38,26,66821
10388,6004,12716,-16079,-1475,7768,-41,-40,29,66856
12832,2520,12236,-15156,-1664,6475,-39,-39,32,66892
12704,344,13476,-15052,-3403,5064,-36,-43,33,66928
11228,-380,13352,-17788,804,3241,-30,-45,39,66963
12656,-364,12192,-20747,346,-636,-27,-43,41,66999
12580,1016,11660,-22088,-451,-2309,-22,-45,43,67035
11320,-3200,10236,-23596,1821,-3928,-18,-42,45,67069
10720,-4296,9984,-24030,4959,-6350,-14,-42,49,67105
10588,-5684,10156,-24820,4817,-8720,-11,-42,51,67141
12128,-6920,8644,-25438,6560,-10443,-7,-40,49,67176
11312,-7460,8932,-21475,10227,-10333,-4,-37,54,67212
10792,-10144,9768,-19583,11682,-11637,-1,-35,56,67248
10384,-9592,10320,-18283,16126,-12886,4,-30,58,67283
10320,-10584,11168,-16676,16645,-13518,7,-25,57,67318
9432,-9968,11372,-17340,17610,-13975,10,-23,58,67354
7896,-9640,11152,-16751,20107,-15752,15,-18,61,67390
7796,-9820,10920,-18096,20059,-18773,19,-13,60,67426
9128,-10136,9000,-16881,23454,-19480,23,-8,59,67461
8384,-10004,11920,-11756,18797,-18246,26,-4,58,67496
11204,-11740,10924,-15571,19068,-16565,31,-2,54,67532
3180,-13788,7684,-10517,27062,-12190,35,4,53,67568
-932,-14472,13660,-2777,22899,-22861,34,6,53,67603
6812,-14200,14040,-3985,21969,-29460,35,7,50,67639
7508,-9328,12252,-822,27622,-24243,40,9,50,67675
1300,-9476,12392,4774,25468,-26303,39,9,49,67709
2144,-8932,13632,8901,22593,-29795,38,9,50,67745
1512,-4296,10808,14818,29296,-28779,37,9,51,67781
-3008,884,16044,25538,26441,-25035,33,12,52,67816
-516,2624,20140,24072,21245,-23175,27,13,54,67852
740,3364,19108,17672,30783,-13698,22,23,53,67888
-2028,1208,15488,15415,22789,-3571,19,26,54,67923
-5112,3124,11892,14187,30007,1715,16,36,48,67958
-8160,3372,12280,17639,28471,5936,12,43,44,67994
-9212,6648,8876,19681,16153,7892,3,47,41,68029
-12932,5852,7584,20805,14080,3802,-1,50,39,68065
-11520,7732,12172,23036,3799,-5612,-4,50,37,68101
-9120,7088,13980,13490,-10875,-12122,-2,48,40,68136
-8160,8696,16412,3789,-27430,-19080,0,40,46,68171
-5104,8520,14544,-7778,-32768,-20170,6,30,51,68207
-3984,8100,10920,-11370,-32768,-17057,13,19,59,68243
-3124,4512,9904,-7847,-31425,-14217,16,9,63,68278
-3944,1624,16608,-77,-32768,-12365,15,-7,62,68314
3920,2500,16092,184,-32768,-8797,16,-18,60,68349
4856,3336,18896,-8933,-30472,-1246,18,-28,57,68384
1308,1028,19520,-16707,-22583,2719,23,-33,54,68420
-1164,-356,16020,-15520,-32768,-2318,26,-42,45,68456
4540,-7172,4620,-8716,-32768,-4693,27,-50,34,68491
12992,-976,13276,-6292,-3755,-3054,28,-50,31,68527
6008,-2444,13552,-8277,11969,5088,28,-48,33,68562
2300,-2504,13936,-10304,7436,-13892,29,-47,34,68597
7168,-2444,15936,-15745,16946,-15283,26,-49,36,68633
11344,2120,16208,-14766,13915,-16141,28,-48,37,68669
13020,-280,17312,-25929,22264,-2470,33,-45,37,68705
8200,1380,15032,-32700,23929,5300,36,-38,37,68740
8500,-988,12900,-32768,27039,8450,47,-33,34,68775
2408,-6444,9668,-32768,25215,16588,54,-23,23,68811
1400,-7856,6348,-32768,26899,16611,58,-17,17,68846
-3824,-16628,6308,-32768,19914,25018,63,-8,8,68882
-10604,-14940,3260,-24488,15337,19142,63,1,-1,68918
-9908,-18000,5964,-20988,10541,20761,64,7,-8,68954
-13664,-16448,432,-19963,9375,18327,60,14,-13,68988
-11228,-13728,1804,-17570,4695,17801,58,18,-20,69024
-13984,-11436,-244,-19835,5165,21440,53,24,-25,69060
-14408,-8044,-1672,-21035,4250,21523,50,30,-32,69095
-13896,-8392,-752,-21529,160,23499,43,36,-37,69131
-17104,-8028,-3512,-21874,-4721,24599,35,46,-42,69167
-17224,-4376,-5352,-22754,871,24448,26,48,-43,69202
-19148,-8348,-3412,-16644,-8378,22639,20,52,-44,69237
-18516,-3944,-5204,-10357,-12404,19717,13,54,-42,69273
-18312,-3796,-1128,-9694,-10303,19856,6,59,-41,69309
-17728,-2528,1244,-4697,-17976,17575,3,62,-36,69345
-15612,2652,-568,-3127,-17859,19598,-7,64,-31,69380
-15432,2692,2944,-502,-18216,22568,-12,66,-26,69415
-15224,5656,1636,1461,-19717,23636,-20,67,-20,69451
-14904,8616,324,2607,-15566,20104,-24,64,-16,69486
-15404,6484,5156,1277,-11529,15351,-29,64,-13,69522
-13684,8864,2696,2194,-15519,10016,-30,61,-9,69558
-11384,11200,3304,-889,-10876,3112,-33,62,-5,69593
-9992,8692,3328,-1115,-8615,2426,-31,60,-3,69628
-9496,10340,4636,2030,-9030,4483,-35,60,-2,69664
-8152,11284,4796,5502,-13561,6117,-37,59,2,69699
-8228,11984,6320,7797,-12112,11270,-38,55,4,69735
-9544,11028,7308,5583,-21798,9780,-42,55,8,69771
-6852,11388,5644,-3026,-2751,2507,-42,52,10,69806
-8852,11736,10624,-9246,-3786,-221,-42,52,10,69841
-7232,11924,7212,-11051,-10933,-3418,-40,52,17,69877
-6580,12396,9692,-17921,1104,-5450,-37,52,18,69912
-5320,11052,8896,-21766,269,-6437,-32,53,22,69948
-4972,8904,6896,-21508,618,-5481,-28,52,25,69984
-5164,6648,9944,-16287,-2974,-2619,-28,54,28,70019
-3256,5308,9416,-9499,-3734,2634,-25,53,30,70054
-2704,6356,6804,-3529,-239,7543,-28,54,29,70089
-5212,5176,11108,1255,-514,11056,-30,50,30,70125
-8240,6284,13128,3055,3770,10910,-33,50,28,70161
-7840,7112,11916,1148,8413,7667,-34,49,27,70196
-8308,8244,14096,-893,-1438,5006,-35,49,27,70232
-8196,4680,15428,2734,-5372,9626,-37,46,27,70267
-11868,6496,17728,2588,-5209,11540,-40,43,28,70302
-9336,8868,16908,2518,-8704,8601,-43,40,32,70338
-6260,9764,20076,1111,-10638,9976,-43,38,32,70374
-4272,10008,17592,-1697,-4701,12202,-45,31,34,70409
-3500,9160,17608,-4326,2695,13089,-45,31,32,70445
-2816,7156,16260,-5937,4398,14115,-48,29,34,70480
-1688,7408,14508,-5418,4811,14412,-45,25,35,70515
140,7316,15248,-5516,3418,14851,-48,23,37,70551
632,6832,12952,-5699,3697,15274,-48,20,35,70587
1252,6828,12556,-2785,3600,14484,-50,17,36,70622
584,5740,13776,-2177,5159,13702,-50,14,37,70658
444,5828,13124,-968,4620,10940,-50,14,38,70692
636,6236,13124,-450,5655,8780,-51,14,37,70728
48,5628,13896,-468,2534,5131,-50,13,37,70763
1296,6776,13608,-25,1934,3304,-52,11,34,70799
-1020,6588,15072,266,3497,1374,-51,12,36,70835
688,5460,16552,-4173,253,-685,-53,11,38,70870
484,6956,14000,-7299,4673,71,-50,12,36,70905
-784,5156,15452,-5689,1231,-208,-49,13,41,70940
384,5860,14824,-6605,3637,2972,-48,15,40,70976
-3184,6076,16788,-5304,7357,3751,-47,13,41,71011
-5048,4288,17396,-7534,708,-1073,-45,14,45,71047
-2216,4100,12908,-3064,-1365,-1682,-46,14,44,71083
-2388,3644,15164,367,-1709,-2433,-46,13,43,71117
-1744,3124,15544,2358,-5242,-3568,-45,13,43,71153
1128,5552,19060,-533,2434,-2104,-45,13,46,71188
-108,5920,12364,3061,-6213,-2844,-47,14,43,71224
-1732,5332,14644,6588,-1384,-5281,-48,13,45,71260
-472,7384,13704,-383,3715,961,-47,14,42,71294
-2724,6600,16276,-11987,6291,-1755,-46,16,44,71330
-2184,4920,16320,-12899,8330,-1901,-40,18,46,71366
-3408,4200,18612,-7752,26,-61,-41,17,46,71401
-2028,2844,16204,-4178,-3998,3274,-38,14,48,71437
-1732,2208,16620,-2846,-4767,5334,-39,14,49,71472
-1096,1252,15684,-979,-4114,4638,-40,13,50,71507
-404,1216,15248,-1973,-1996,3439,-38,10,50,71543
-408,264,15820,-1925,1639,1526,-38,11,49,71578
-496,1868,15256,-2653,2383,847,-36,10,50,71614
-576,952,15580,-1421,6654,2115,-37,12,50,71649
-2292,1008,16880,-1199,4290,1997,-37,13,51,71685
-1760,-136,16536,-1572,2644,2042,-37,15,50,71719
-2424,-208,17224,886,-686,1602,-36,13,51,71755
-2004,1032,15472,2762,-275,112,-39,12,48,71791
-6980,1920,23528,2409,-192,-481,-39,14,50,71826
-2224,2780,16088,-664,-6483,-1792,-39,13,50,71862
-524,3220,13148,-1208,-3886,276,-39,11,50,71897
-2628,2048,15752,739,2837,3404,-38,9,48,71932
-2116,752,15900,632,2400,-976,-39,11,49,71967
-2372,2692,16540,1131,383,-380,-39,12,48,72003
-1828,2468,16336,2871,-2897,858,-37,11,49,72039
-892,4996,15108,-1371,-124,1676,-37,10,49,72074
924,4652,14396,-6285,7125,3506,-38,12,49,72110
-2568,1708,15964,-5483,7983,3152,-35,12,50,72144
-2940,4380,18048,-729,632,1848,-36,13,50,72180
-2008,3080,17636,3408,-56,3603,-37,14,49,72215
-1432,3440,16396,7075,-691,3445,-38,10,47,72251
-1948,5024,16140,7797,-1588,2816,-40,11,46,72287
-1716,4532,13764,6659,546,1303,-41,9,45,72322
-2560,5560,13724,5163,1023,-489,-43,12,45,72357
-2884,5752,14604,3100,-1402,-238,-43,11,44,72392
-3276,4268,13736,1230,-3427,-1117,-45,12,44,72428
-2220,5016,13668,-1143,929,-35,-43,9,41,72464
-1256,3156,16376,-2654,-4550,2498,-43,11,42,72499
-3312,2964,16012,-2503,-5566,-3811,-43,11,43,72535
-408,2360,16368,-4066,1447,-3282,-43,10,44,72569
-2980,820,17632,-2247,-5398,-3394,-41,10,40,72605
-1344,1508,16776,-2124,-1507,-3027,-42,10,41,72641
-1872,340,16360,-1536,3020,-1949,-42,11,41,72676
-924,996,16164,-105,-2822,-2200,-43,9,41,72712
436,896,16920,-3145,-2770,-1383,-41,10,41,72747
-1112,-128,16052,-1806,-1218,-6175,-42,10,40,72782
-472,868,16424,-1482,-997,-6648,-41,9,38,72818
-972,-108,16296,-2790,1177,-4465,-39,11,39,72853
-2408,56,16048,-1684,-1858,-6004,-39,10,37,72889
-1328,268,16844,-2995,-1164,-2869,-39,12,39,72924
-1044,-200,16552,-2791,-413,-558,-38,11,37,72960
428,-172,16604,-2729,-575,-394,-35,9,38,72994
-1180,-372,16604,-3052,1147,-3243,-36,12,37,73030
-800,-356,16308,-982,-1613,-4402,-35,11,38,73066
-1304,-732,15836,-1324,212,-2773,-33,10,38,73101
-1152,-152,16476,-1879,217,-710,-33,10,37,73137
-620,-360,16184,-2128,720,-526,-31,9,35,73171
-1232,-708,15860,-2337,859,-1956,-30,7,36,73207
-2652,804,17344,1108,3427,-278,-29,6,35,73242
-1860,-496,17364,1339,3364,74,-27,9,37,73278
-2188,-964,16112,2253,-298,-1148,-26,6,37,73313
-1736,636,16424,-1145,471,-1584,-28,7,36,73349
-1544,-64,16192,-1376,288,-1330,-26,6,36,73383
-1684,-204,16692,-1004,210,-2675,-23,6,38,73419
-1080,-676,15992,-8,-214,-1984,-23,7,39,73454
-820,-868,15308,38,-321,-1237,-24,5,39,73490
-1576,348,16160,-253,131,1751,-23,8,39,73525
-1488,-292,16404,-333,-5,3460,-24,6,38,73561
-2032,-52,16144,-1280,-164,3738,-24,5,40,73595
-2036,-1524,16056,-170,95,2769,-22,7,40,73631
-1944,-244,16484,741,274,623,-24,4,40,73666
-1296,-512,16252,136,83,938,-25,6,43,73701
-1632,-332,16124,-73,66,588,-24,3,43,73737
-1348,-812,16164,167,90,-333,-24,4,44,73772
-1200,-496,16320,78,-55,-55,-25,6,44,73807
-1372,-724,16208,-21,72,347,-25,5,43,73842
-1428,-420,16300,169,0,-105,-24,6,43,73877
-1536,-192,16232,337,-149,-89,-25,3,43,73913
-1480,-16,16280,92,42,-36,-25,4,42,73948
-1460,-76,16304,29,71,-44,-24,5,42,73982
-1532,-84,16132,-10,48,-51,-24,4,42,74018
-1580,-184,16252,6,78,-94,-26,4,43,74053
-1552,-184,16200,24,71,-48,-24,6,42,74088
-1532,-168,16212,6,70,-55,-24,4,43,74124
-1540,-112,16264,19,107,-30,-26,3,42,74159
-1552,-108,16304,31,99,-49,-23,4,44,74193
-1516,-88,16316,22,75,-67,-27,5,43,74229
-1540,-36,16312,10,67,-56,-24,5,44,74264
-1548,-92,16232,-18,65,-75,-26,4,44,74299
-1544,-32,16292,22,71,-57,-25,5,43,74335
-1572,-100,16304,1,69,-93,-27,6,42,74370
-1524,-88,16224,18,48,-83,-27,4,44,74404
-1628,-464,15804,133,161,3,-27,5,44,74440
-4460,-1644,15876,1615,-119,-9285,-26,5,45,74475
-584,1100,16076,1373,754,-9704,-27,3,45,74511
644,280,16708,1895,-761,-8431,-24,7,44,74546
-1468,-44,16312,716,-19,-6899,-26,7,45,74582
-1240,112,16232,496,31,-4712,-24,7,45,74616
-1308,64,16336,253,94,-3007,-24,7,46,74651
-1336,152,16232,-147,206,-1352,-25,9,46,74687
-1428,-52,16296,286,-74,-6,-26,8,46,74722
-1384,-136,16272,-124,97,-65,-24,7,45,74758
-1484,-140,16212,-14,131,-74,-24,6,44,74792
-1496,-180,16204,-185,177,-59,-25,7,44,74827
-1524,-132,16352,144,2,-48,-26,8,45,74863
-1504,-84,16340,153,-18,-38,-24,9,46,74898
-1516,-136,16284,-75,114,-49,-24,7,46,74933
-1508,-164,16244,-11,91,-34,-24,9,46,74969
-1420,-148,16304,-4,53,-69,-26,8,46,75003
-1448,-60,16380,30,79,-65,-24,7,44,75038
-1532,-108,16196,-10,83,-81,-25,8,44,75074
-1456,-48,16332,8,74,-59,-24,8,45,75109
-1484,-76,16260,80,23,-25,-25,11,45,75144
-1456,-88,16176,61,60,-60,-23,9,46,75180
-1484,-88,16244,31,54,-66,-26,8,45,75214
-1412,-136,16340,9,104,-50,-24,9,43,75249
-1424,-96,16284,10,66,-87,-23,10,45,75285
-1436,-104,16240,3,34,-65,-24,9,45,75320
-1512,-56,16352,15,65,-22,-23,7,45,75355
-1424,-96,16340,31,75,-40,-25,9,45,75390
-1416,-104,16248,21,55,-53,-25,7,46,75425
-1496,-112,16284,28,73,-52,-25,9,46,75460
-1460,-84,16268,4,48,-62,-24,9,44,75496
-1408,-136,16264,20,68,-105,-25,9,44,75531
-1424,-100,16160,32,50,-64,-22,9,45,75566
-1496,-136,16232,22,93,-78,-24,10,45,75601
-1468,-84,16304,47,45,-84,-24,9,45,75636
-1400,-124,16316,11,68,-43,-24,6,46,75671
-1412,-132,16304,30,81,-91,-26,9,45,75707
-1496,-124,16296,27,70,-47,-23,8,44,75742
-1432,-104,16260,-11,80,-42,-24,6,46,75777
-1500,-136,16256,8,66,-75,-25,7,43,75812
-1548,-112,16184,5,86,-61,-24,7,44,75847
-1448,-124,16320,25,58,-36,-24,8,44,75882
-1432,-48,16308,1,57,-69,-25,9,43,75918
-1460,-140,16184,41,55,-54,-26,8,45,75953
-1460,-60,16168,43,68,-66,-26,8,47,75987
-1448,-80,16340,54,87,-37,-23,11,44,76023
-1412,-96,16332,16,43,-57,-24,8,47,76058
-1468,-120,16264,23,98,-68,-24,7,46,76093
-1504,-76,16248,26,75,-62,-24,9,45,76128
-1408,-96,16200,-5,74,-72,-24,7,43,76164
-1484,-100,16292,2,90,-74,-26,9,45,76198
-1468,-120,16276,3,63,-45,-25,7,46,76233
-1420,-72,16256,15,45,-40,-26,8,45,76269
-1432,-108,16200,14,90,-53,-24,9,45,76304
-1464,-120,16356,52,67,-32,-25,7,46,76339
-1484,-24,16256,1,44,-92,-25,8,46,76375
-1456,-104,16256,41,89,-56,-24,10,45,76409
-1452,-72,16328,34,67,-21,-25,8,45,76444
-1444,-80,16220,26,73,-60,-27,7,44,76480
-1500,-100,16292,21,75,-65,-24,8,45,76515
-1448,-16,16244,48,76,-53,-25,8,46,76550
-1460,-112,16252,36,102,-71,-25,8,44,76585
-1520,-92,16192,27,55,-60,-26,7,46,76620
-1508,-100,16256,8,70,-66,-23,9,45,76655
-1388,-100,16272,-5,65,-75,-24,10,45,76691
-1424,-164,16248,22,63,-79,-25,8,44,76726
-1452,-84,16304,27,82,-71,-26,8,45,76761
-1528,-124,16236,6,50,-39,-24,9,46,76796
-1424,-64,16280,22,86,-30,-24,10,45,76831
-1520,-100,16260,22,55,-74,-23,9,45,76866
-1416,-136,16256,16,103,-74,-26,9,44,76902
-1468,-44,16332,3,80,-59,-23,8,45,76937
-1476,-32,16308,26,55,-67,-23,10,44,76972
-1484,-52,16248,3,67,-43,-24,9,43,77006
-1472,-76,16332,34,50,-69,-25,8,46,77042
-1444,-152,16288,14,54,-81,-25,7,43,77077
-1440,-164,16236,-20,71,-70,-27,6,45,77112
-1464,-100,16264,57,48,-41,-25,9,46,77148
-1500,-68,16260,20,99,-56,-26,6,45,77182
-1432,-160,16300,48,58,-53,-26,8,45,77217
-1460,-88,16232,19,89,-32,-24,9,45,77253
-1476,-60,16324,12,79,-64,-24,9,45,77288
-1476,-92,16296,34,53,-50,-23,8,44,77323
-1484,-120,16228,25,77,-50,-24,9,47,77359
-1504,-152,16228,39,67,-64,-24,8,44,77393
-1500,-112,16280,28,78,-78,-22,8,45,77428
-1464,-112,16256,11,72,-25,-24,7,45,77464
-1452,-112,16216,7,46,-79,-24,7,43,77499
-1468,-48,16312,-16,62,-71,-25,8,46,77534
-1528,-88,16176,-1,70,-60,-26,8,46,77570
-1436,-120,16316,-25,76,-58,-24,8,45,77604
-1416,-64,16380,23,64,-46,-24,9,43,77639
-1456,-88,16228,-7,41,-24,-24,8,45,77675
-1424,-148,16276,26,46,-48,-23,7,45,77710
-1432,-92,16340,35,82,-81,-25,8,44,77745
-1532,-112,16192,56,86,-88,-22,8,44,77780
-1468,-100,16356,-8,72,-52,-24,8,46,77815
-1472,-92,16188,15,78,-54,-24,7,46,77850
-1504,-68,16240,11,52,-58,-24,9,46,77885
-1488,-132,16296,6,60,-38,-26,7,45,77921
-1416,-68,16208,8,80,-65,-25,7,44,77956
-1452,-112,16212,-6,57,-71,-26,8,47,77990
-1428,-28,16156,-22,57,-48,-26,8,46,78026
-1440,-44,16236,9,78,-33,-25,7,45,78061
-1520,-136,16256,20,56,-79,-24,8,44,78096
-1536,-52,16268,1,56,-55,-24,8,46,78132
-1512,-108,16332,25,64,-60,-26,8,44,78167
-1468,-4,16208,12,55,-30,-24,8,44,78201
-1500,-120,16264,-17,70,-72,-26,9,45,78237
-1412,-144,16288,54,84,-33,-24,9,44,78272
-1384,-68,16224,0,87,-71,-22,9,43,78307
-1448,-112,16228,20,55,-71,-25,8,45,78342
-1492,-84,16324,34,67,-42,-26,7,44,78377
-1516,-108,16220,7,92,-42,-25,8,44,78412
-1468,-96,16248,75,35,-50,-23,8,44,78447
-1540,-84,16116,-8,81,-50,-26,9,43,78483
-1456,-84,16376,67,56,-74,-24,9,44,78518
-1528,-88,16272,2,63,-36,-26,9,44,78553
-1532,-140,16276,8,39,-41,-24,8,47,78588
-1444,-80,16204,26,61,-32,-25,7,43,78623
-1504,-68,16284,13,52,-46,-24,8,44,78658
-1504,-92,16296,-10,65,-61,-25,8,46,78693
-1440,-76,16268,16,75,-44,-24,8,45,78729
-1444,-48,16312,19,105,-41,-24,9,44,78764
-1552,-124,16300,11,81,-71,-26,9,42,78798
-1468,-128,16372,24,98,-49,-26,9,44,78834
-1456,-144,16264,5,76,-62,-25,9,44,78869
-1472,-96,16308,3,53,-83,-24,7,44,78904
-1436,-40,16248,40,73,-68,-24,9,45,78940
-1504,-120,16168,29,84,-27,-25,9,46,78974
-1532,-96,16368,42,99,-20,-25,9,44,79009
-1464,-100,16224,1,90,-97,-25,9,44,79045
-1516,-136,16164,12,95,-46,-25,9,45,79080
-1448,-152,16272,6,80,-65,-24,9,45,79115
-1524,-100,16304,-6,47,-40,-23,8,44,79151
-1520,-140,16388,15,89,-43,-24,7,45,79185
-1456,-152,16172,1,88,-58,-24,9,45,79220
-1460,4,16300,21,73,-65,-25,8,44,79255
-1492,-100,16192,7,73,-64,-24,10,46,79291
-1472,-96,16208,43,81,-77,-22,8,45,79326
-1496,-68,16284,18,91,-67,-24,8,42,79361
-1420,-128,16264,15,62,-88,-24,9,45,79396
-1560,-112,16176,47,90,-76,-24,10,43,79431
-1508,-72,16316,31,55,-50,-24,8,46,79466
-1496,-56,16220,36,65,-77,-25,6,44,79502
-1480,-120,16252,30,46,-81,-26,7,45,79537
-1444,-120,16320,20,75,-26,-24,10,44,79571
-1488,-116,16280,4,80,-68,-24,8,44,79607
-1448,-72,16232,42,76,-68,-24,9,45,79642
-1432,-124,16248,28,75,-49,-26,9,45,79677
-1508,-112,16320,4,59,-36,-24,8,46,79713
-1472,-120,16276,20,34,-70,-24,8,46,79748
-1456,-108,16208,51,55,-37,-26,6,44,79782
-1512,-124,16300,18,92,-93,-25,6,44,79818
-1456,-72,16248,11,81,-63,-24,8,46,79853
-1420,-132,16360,20,56,-53,-25,9,45,79888
-1512,-112,16304,32,64,-58,-26,7,46,79924
-1476,-116,16208,39,52,-71,-24,10,45,79959
-1388,-124,16264,16,87,-34,-26,8,44,79993
-1496,-112,16284,47,62,-54,-25,8,44,80029
-1452,-128,16296,12,56,-52,-26,8,42,80064
-1472,-116,16252,26,64,-50,-24,10,45,80099
-1472,-104,16244,20,70,-49,-25,9,44,80135
-1440,-116,16268,31,67,-46,-25,7,47,80169
-1512,-76,16392,45,69,-83,-25,7,44,80204
-1452,-120,16212,8,67,-90,-25,7,46,80240
-1500,-68,16184,19,101,-50,-28,9,44,80275
-1444,-68,16308,24,100,-54,-26,8,46,80310
-1492,-36,16252,6,62,-45,-24,9,44,80346
-1492,-68,16332,15,71,-73,-24,9,45,80380
-1460,-80,16056,-6,68,-56,-26,9,44,80415
-1516,-116,16340,29,66,-61,-25,7,45,80451
-1508,-108,16228,9,61,-80,-25,8,44,80486
-1500,-60,16324,27,72,-71,-24,8,43,80521
-1492,-88,16180,14,65,-55,-24,8,45,80556
-1448,-100,16196,28,80,-82,-23,9,43,80591
-1516,-124,16296,28,75,-54,-24,8,44,80626
-1460,-124,16284,-5,62,-36,-25,9,46,80661
-1448,-172,16156,-1,78,-58,-24,8,44,80697
-1444,-112,16444,10,93,-60,-24,8,44,80732
-1480,-76,16308,25,60,-80,-25,9,46,80766
-1444,-92,16264,14,49,-62,-25,8,45,80802
-1444,-112,16272,19,88,-32,-24,10,44,80837
-1464,-92,16252,8,91,-63,-27,5,45,80872
-1456,-144,16152,11,55,-46,-25,7,44,80908
-1452,-112,16244,27,60,-77,-25,9,46,80943
-1476,-80,16228,0,77,-55,-26,7,46,80977
-1420,-108,16224,15,63,-53,-22,10,44,81013
-1436,-164,16180,37,71,-35,-25,8,45,81048
-1420,-144,16284,5,68,-17,-26,9,44,81083
-1492,-92,16412,15,80,-56,-25,8,46,81119
-1436,-148,16320,5,83,-73,-26,8,45,81154
-1436,-36,16276,26,83,-41,-23,8,45,81188
-1412,-164,16280,87,88,-27,-25,9,46,81224
-1488,-76,16224,-22,82,-32,-27,9,46,81259
-1468,-108,16152,26,91,-33,-25,7,44,81294
-1464,-132,16268,26,42,-33,-24,9,44,81330
-1480,-124,16172,40,79,-84,-26,8,44,81364
-1472,-160,16260,17,68,-50,-22,8,45,81399
-1424,-108,16328,17,72,-44,-25,7,45,81435
-1496,-132,16328,17,65,-88,-26,8,45,81470
-1408,-64,16260,6,59,-56,-24,9,44,81505
-1476,-88,16236,17,52,-66,-24,8,45,81541
-1436,-96,16220,21,69,-58,-24,7,44,81575
-1444,-120,16340,14,66,-73,-27,7,45,81610
-1460,-92,16280,36,68,-60,-26,7,45,81645
-1500,-120,16360,30,82,-72,-24,7,44,81681
-1408,-72,16296,22,65,-57,-24,9,47,81716
-1432,-120,16248,29,62,-54,-24,7,44,81751
-1508,-148,16272,23,55,-40,-26,8,47,81786
-1448,-80,16340,28,88,-56,-24,9,45,81821
-1472,-120,16328,10,55,-58,-24,7,45,81856
-1460,-120,16324,3,112,-44,-23,8,46,81892
-1428,-124,16268,26,50,-88,-24,9,44,81927
-1452,-116,16240,-1,40,-51,-25,8,46,81961
-1428,-148,16272,0,46,-72,-23,9,46,81997
-1500,-124,16244,63,47,-48,-24,8,45,82032
-1456,-108,16248,22,73,-78,-26,6,46,82067
-1440,-96,16292,35,38,-43,-24,9,45,82103
-1480,-100,16328,14,65,-22,-23,7,43,82138
-1424,-84,16208,8,74,-48,-26,8,46,82172

