ax,ay,az,gx,gy,gz,mx,my,mz,t
1272,448,16228,-22,-40,101,-25,20,44,45036
1448,296,16264,-158,-96,195,-25,21,43,45071
1620,60,16356,-184,60,-39,-21,20,43,45107
1464,204,16400,146,183,-184,-23,20,43,45142
1168,296,16280,-7,178,-213,-21,19,44,45176
1184,432,16420,-13,49,-115,-21,20,41,45212
1176,408,16352,51,21,-40,-22,20,44,45247
1300,316,16344,35,89,34,-24,21,44,45283
1292,188,16400,32,12,90,-23,21,43,45318
1388,152,16352,183,220,-27,-22,20,44,45352
1424,320,16264,224,189,-48,-23,23,43,45388
1384,276,16184,-3,166,-62,-23,22,44,45423
1288,376,16324,129,210,-141,-22,21,44,45459
1216,392,16284,117,193,-78,-23,21,44,45494
1252,348,16300,-58,45,-74,-23,21,41,45529
1320,276,16300,28,21,-80,-22,21,41,45564
1252,436,16264,78,156,-112,-24,21,43,45599
1172,380,16224,-22,47,-1,-23,20,42,45635
1256,400,16284,-105,0,25,-22,21,41,45670
1264,360,16248,15,212,31,-23,22,42,45705
1248,448,16272,44,314,254,-24,21,43,45741
1280,408,16456,-128,411,427,-22,21,43,45775
880,144,17216,16,493,881,-22,20,44,45811
1312,184,17024,556,-274,627,-23,20,43,45846
764,564,16160,913,924,825,-21,21,42,45881
232,1784,14312,430,3596,2980,-23,20,44,45917
320,116,16724,-795,-448,3465,-22,22,43,45952
788,116,16120,493,490,2522,-23,20,43,45987
868,356,15952,458,55,2026,-24,19,43,46022
1384,120,15800,240,-13,1832,-24,17,43,46058
1600,156,16064,202,-157,1026,-24,18,43,46093
1496,260,16264,196,253,610,-25,19,42,46129
1544,152,16624,90,60,362,-24,19,45,46163
1512,264,16104,685,542,-33,-24,17,42,46198
848,588,16128,560,879,131,-23,19,42,46234
1240,476,15952,316,1188,209,-23,17,42,46269
1312,480,14604,682,3532,278,-24,20,41,46305
-416,712,16760,467,4321,1176,-27,17,42,46340
28,592,16032,-250,2653,896,-22,21,42,46375
-264,612,15964,-116,3104,497,-24,18,40,46410
-224,732,16352,-189,2478,1059,-24,22,40,46446
-320,388,16200,-427,2595,801,-23,22,41,46481
-760,136,17248,-216,1196,376,-26,22,41,46517
-124,528,16172,-296,84,-281,-25,23,40,46552
-764,336,16652,163,630,106,-26,21,40,46587
-636,448,16304,-89,39,-56,-25,21,39,46622
-740,556,16336,-188,395,69,-22,22,40,46657
-864,476,16604,-172,137,127,-23,22,40,46693
-696,432,16400,-220,-21,-67,-23,24,40,46728
-760,476,16652,-12,-271,-138,-23,22,39,46764
-764,428,16376,-33,-551,-183,-24,21,40,46798
-496,300,16296,-10,-443,-311,-24,21,39,46833
-720,432,16360,143,-319,-253,-24,23,41,46869
-564,440,16432,-141,-442,-156,-24,22,41,46904
-620,492,16340,28,-195,-167,-25,22,40,46940
-548,600,16516,137,-242,-115,-23,25,41,46974
-596,464,16508,86,-282,-43,-24,23,42,47010
-648,432,16464,265,-263,63,-24,21,40,47045
-664,392,16740,294,-668,14,-24,20,41,47080
-592,396,16500,357,-1282,185,-23,19,42,47116
-584,428,16732,69,-1636,109,-25,21,41,47151
-232,704,16188,441,-1203,161,-25,19,41,47186
-304,748,16432,543,-2118,483,-27,19,43,47221
-352,724,16440,585,-2033,893,-25,17,42,47257
64,940,16304,383,-2374,1102,-25,18,44,47292
344,600,15884,555,-1452,1534,-25,17,41,47328
56,800,16832,638,-1433,2003,-25,16,45,47363
668,884,16732,270,-1448,2375,-27,15,44,47398
792,508,16664,168,-1790,2415,-27,15,44,47433
1380,820,16056,1330,-1847,2696,-26,13,43,47469
1804,752,16004,507,-1712,2565,-26,13,44,47504
1640,448,16024,494,-948,2057,-28,12,44,47540
1864,804,15584,623,-745,1480,-25,11,44,47575
2192,880,15412,229,-530,1594,-26,12,45,47610
1752,764,15972,75,171,940,-25,8,44,47645
1652,776,16328,-17,321,553,-25,11,42,47681
1684,780,16348,-306,27,637,-27,10,43,47716
2012,632,16424,-130,-163,550,-25,9,42,47751
1676,636,16680,18,82,-78,-26,10,44,47787
1988,1492,15896,157,597,1651,-27,10,43,47821
1580,360,16356,-886,-126,1115,-27,11,43,47857
2004,560,15412,388,714,569,-29,11,42,47892
1132,1180,16008,-658,658,1708,-27,10,44,47928
864,192,16404,-858,432,984,-27,9,43,47963
1188,536,16008,103,51,866,-27,10,43,47998
992,608,16552,-222,89,419,-28,11,42,48033
1000,684,16716,231,1470,1467,-26,12,42,48069
1296,752,16912,458,174,1911,-26,11,42,48104
1564,88,16740,268,-245,1020,-28,12,42,48140
1544,292,15948,864,-1594,786,-28,11,42,48175
1200,-16,16664,1070,-2693,668,-28,10,43,48210
2256,1268,15536,872,-1860,454,-29,9,41,48245
1960,980,16212,706,-942,-416,-26,10,42,48281
2364,1128,15556,865,-326,-282,-29,8,43,48316
1644,968,17152,1288,500,-290,-29,10,41,48352
1588,1164,15020,1239,1448,38,-32,10,42,48387
1596,1328,16568,127,-1188,1347,-30,8,42,48422
1656,1444,16176,79,-105,883,-31,11,43,48457
1856,852,16316,-305,-505,506,-31,9,40,48493
2024,1012,16124,20,387,383,-31,9,41,48528
2384,1224,16308,4,381,164,-31,9,42,48563
1796,1032,16292,562,701,191,-31,8,43,48599
1848,1304,16344,297,438,83,-31,9,45,48633
1920,1328,16216,173,-98,-257,-31,9,43,48669
2108,1272,16188,318,150,-383,-31,9,42,48704
1904,1240,16108,70,-147,-165,-31,8,43,48740
1816,1396,16208,219,-177,-81,-30,10,41,48775
1824,1288,16244,336,-213,-199,-30,9,41,48809
1976,1312,16204,388,8,-200,-32,9,41,48845
1948,1788,16472,759,384,1,-31,8,41,48880
1616,1584,16484,400,107,-80,-30,10,43,48916
1872,1416,16260,-280,-273,1,-30,10,44,48951
2032,1388,16272,-180,-175,-39,-30,10,43,48987
1988,1208,16232,-143,-116,58,-30,9,44,49021
2436,1052,15872,-245,-22,23,-30,9,42,49056
2172,1288,15908,5,-55,66,-29,8,42,49092
2008,1288,16096,-40,4,63,-31,10,41,49127
1928,1376,16280,-315,-253,-12,-31,9,42,49163
2108,1136,16136,-319,162,162,-31,8,42,49198
1880,1172,16168,-474,-228,87,-30,9,43,49232
2224,1188,16172,-392,-147,159,-31,9,41,49268
2136,1060,15952,-553,89,330,-30,9,43,49303
2040,1112,16152,-813,71,434,-29,11,39,49339
2068,1080,16124,-744,339,308,-29,10,43,49374
1976,824,16464,-1203,-282,221,-28,9,43,49410
2060,932,16300,-566,442,82,-30,10,41,49444
1992,928,16288,-461,478,198,-29,8,43,49480
2072,960,16308,391,461,449,-29,9,41,49515
1864,1020,16396,416,785,93,-29,10,43,49551
1852,56,16140,-122,264,-120,-28,8,43,49586
1776,816,16232,138,586,221,-30,7,40,49620
1956,792,16276,-480,111,199,-29,9,42,49656
2004,752,16140,-433,-152,62,-29,10,44,49691
2052,732,16204,-612,-159,-27,-28,9,41,49727
1920,640,16388,-380,-85,-141,-29,10,43,49762
1972,604,16408,-326,-57,-322,-29,8,43,49798
1840,592,16460,142,137,-290,-31,9,41,49832
2032,620,16384,81,-13,-326,-30,8,41,49867
1616,812,16400,167,102,-122,-29,9,43,49903
2084,712,16208,-59,-196,-78,-29,9,42,49938
1996,760,16032,410,506,-116,-29,9,42,49974
1756,780,16100,24,232,13,-28,10,42,50009
1888,604,16404,-141,437,20,-27,11,42,50043
2096,780,16024,-209,257,62,-29,10,42,50079
1748,640,16604,-861,-260,293,-29,8,41,50114
1772,384,16188,-767,-165,8,-27,10,41,50150
1584,624,16456,77,130,-425,-27,11,41,50185
1816,888,15860,115,1079,-437,-29,9,41,50221
1644,444,16140,71,1033,-602,-29,9,42,50255
1576,624,16336,709,1690,-1026,-29,11,41,50290
1564,608,15948,955,3174,-661,-29,11,42,50326
1396,804,16280,609,2724,-368,-29,14,42,50361
1112,588,16268,675,2907,111,-29,12,42,50397
780,1100,16576,65,1964,79,-29,12,41,50432
828,948,16288,-156,1395,96,-32,12,42,50467
524,884,16324,239,1341,224,-29,12,41,50502
380,916,16388,235,1627,402,-29,14,40,50538
652,584,16008,651,3269,322,-28,13,40,50573
-640,1648,17184,179,7116,-319,-29,14,41,50609
-140,880,16428,-751,3839,228,-27,16,40,50643
-760,1016,16448,-662,5643,300,-29,17,37,50679
-1268,800,16352,-153,6330,-25,-30,18,38,50714
-1568,780,16148,188,6330,-566,-29,20,37,50750
-2172,796,17000,762,9496,-11,-29,21,36,50785
-2716,772,16136,-194,12280,151,-29,23,36,50821
-4904,1028,16116,-1032,11315,-340,-29,26,35,50855
-4308,644,15548,-1848,6134,-1052,-28,27,35,50891
-5468,388,15576,-2032,8769,-1076,-29,29,34,50927
-5892,476,14960,-1411,6466,-965,-28,29,33,50962
-5928,272,15280,-1157,6652,-272,-26,32,32,50998
-6852,276,14736,-980,7484,50,-29,32,32,51033
-6820,136,14416,-920,7601,134,-27,34,28,51068
-8736,-148,14680,-284,10116,674,-27,35,29,51103
-8644,292,13568,-751,6482,-702,-27,39,28,51139
-7340,372,13016,-521,7549,63,-28,37,26,51174
-9908,-224,14004,-656,11664,1840,-24,41,26,51210
-9880,436,12396,-2272,6644,549,-26,40,24,51245
-9876,-608,12020,-1792,9223,-71,-28,39,23,51280
-11948,-556,13224,-3134,10474,1867,-27,44,19,51316
-9804,548,10848,-2179,8936,1428,-29,44,20,51351
-15104,-1516,12316,-351,11129,3810,-27,44,16,51387
-13024,244,9692,1282,6723,5441,-29,43,14,51422
-10900,1756,8600,2458,8336,1279,-30,44,13,51458
-15896,228,9852,1682,11149,3040,-31,45,10,51493
-13104,872,7844,1157,7473,4416,-32,43,7,51528
-11136,1864,7564,716,10567,576,-32,44,6,51564
-17976,1192,9444,966,11995,3907,-32,44,3,51599
-14240,1308,6260,1483,7382,4242,-33,45,0,51635
-14336,1352,5716,1197,11242,840,-34,45,-3,51671
-17216,2340,6548,2819,8534,4168,-34,46,-2,51705
-12940,2752,3200,3224,8768,2430,-36,45,-4,51741
-16920,2792,3596,2089,13175,1017,-36,43,-7,51776
-16816,2424,2984,1598,7659,2453,-35,43,-10,51812
-14792,3716,1900,2253,9488,1379,-37,43,-10,51848
-17136,3276,1600,1291,12192,2630,-35,44,-14,51883
-16448,3652,744,418,9606,4466,-35,41,-16,51918
-15148,4096,-88,83,12680,3901,-37,42,-16,51953
-18680,4720,-56,-171,12910,6759,-35,37,-18,51989
-13744,4044,-2664,-577,12797,6537,-40,38,-21,52025
-14236,4752,-3188,-62,15759,5289,-38,34,-20,52060
-14792,5012,-3820,838,15355,5160,-40,32,-25,52096
-13140,5712,-5224,256,15847,3791,-39,31,-26,52131
-13436,7104,-6748,-2422,18768,5689,-39,25,-26,52166
-14468,7180,-7552,-3572,17816,5189,-39,22,-29,52202
-11520,6788,-9160,-1462,17649,4292,-40,18,-27,52238
-12800,7856,-10292,-1277,25461,4320,-38,14,-29,52273
-11636,6132,-10940,3765,24303,-8,-40,12,-29,52308
-7936,7136,-13444,2460,25002,625,-39,8,-31,52344
-6400,9040,-12248,-2254,29527,2540,-39,2,-28,52379
-4664,6164,-14412,-5068,31648,3902,-40,-3,-31,52415
-3740,8004,-12920,-7506,32767,5211,-40,-7,-26,52451
-2664,9244,-13760,-3177,21420,5003,-40,-11,-25,52486
448,8768,-15360,2696,19218,5742,-38,-14,-22,52521
1348,8556,-13112,6639,10253,6122,-38,-17,-22,52557
4888,9076,-21088,275,24381,3702,-37,-18,-21,52592
-280,6688,-5564,2054,27494,6543,-38,-24,-19,52628
6524,5572,-17328,-389,14817,-1790,-36,-23,-17,52664
7252,8808,-14616,-7879,32767,-6893,-39,-27,-11,52699
8524,6308,-8324,919,14860,-4966,-41,-28,-7,52734
10796,10264,-14684,1821,20458,-7809,-43,-29,-6,52770
9224,9152,-10640,5515,22609,-8609,-43,-28,-3,52805
15384,10996,-1056,650,19765,944,-44,-29,-2,52841
11756,10044,-5744,-7898,26486,5424,-45,-32,4,52877
12812,6860,-6060,382,17092,7769,-43,-33,4,52912
14056,6396,-6068,2489,17953,4895,-43,-33,8,52947
10072,8688,252,2316,27998,175,-43,-33,10,52982
13576,7552,-1644,366,15698,-1100,-44,-30,15,53018
13768,8724,-1144,3526,18597,364,-44,-31,18,53054
14048,9856,932,3026,17351,4769,-44,-31,18,53089
15048,7136,904,1710,18552,5135,-41,-32,23,53125
16388,7888,2020,2385,14966,7599,-43,-32,23,53160
15628,5860,3056,2253,19956,10171,-41,-31,23,53195
13024,4324,6688,3280,19458,9265,-44,-30,28,53231
12504,3788,8844,1149,18554,5520,-41,-28,29,53267
12772,4748,10380,-1978,9635,3547,-41,-31,34,53302
13472,4708,8048,-2279,10277,4137,-40,-31,33,53338
12716,4384,9024,-2036,10209,2627,-40,-27,36,53373
12236,4324,9160,-2975,8456,1430,-39,-25,38,53408
12532,4712,11008,-4065,8954,-388,-39,-24,39,53444
13012,3952,9136,-3862,9251,3003,-37,-21,42,53479
11212,3212,11056,-2013,10712,2581,-35,-23,44,53515
10412,2684,11452,-2393,10356,1509,-35,-21,43,53551
9068,3308,12400,-3209,11760,-732,-36,-19,46,53586
9344,3192,11880,-2638,11059,-1004,-36,-16,46,53621
8416,2736,14044,-4359,13937,86,-35,-13,49,53657
8652,2436,14016,-4283,10222,1618,-35,-10,50,53692
6428,1780,13860,-3005,9625,3133,-33,-11,50,53728
5640,900,14484,-2667,9588,2218,-33,-8,52,53764
6308,1080,15996,-772,6603,1141,-31,-7,51,53798
4284,536,16396,-3314,6733,-808,-31,-3,52,53834
6044,1532,14956,-3471,3407,-1699,-30,-3,52,53869
5288,764,14848,-2294,3629,283,-31,-3,53,53905
5264,676,15708,-1654,1255,1626,-28,-2,53,53940
5152,-8,15740,-949,3464,1793,-28,0,54,53976
4688,416,15724,-1430,3935,1218,-28,-1,53,54010
4828,576,16968,-634,521,-651,-28,-1,52,54046
4084,8,15916,756,-115,-1387,-28,0,52,54081
3416,628,17340,3388,-4533,-223,-28,1,52,54117
5508,1628,15888,2876,-2769,-568,-28,-2,52,54152
4244,464,15552,664,-2558,-840,-29,-2,52,54188
7016,1424,13916,-1325,8530,1229,-28,-2,54,54222
3568,788,17628,-519,4968,2102,-26,2,52,54258
3372,224,15636,622,142,-719,-28,2,52,54293
4328,1648,16048,-238,-2389,-1869,-28,0,52,54329
4888,1308,14872,-2860,2290,-1261,-28,2,51,54365
3404,1164,15028,-423,2187,-851,-27,1,52,54400
4336,908,15212,-493,2793,1331,-27,1,52,54435
3908,348,15808,-694,4778,2018,-27,4,53,54470
2600,-144,16672,-78,3963,1527,-28,6,52,54506
2620,476,17280,-519,660,-506,-25,4,53,54541
3728,440,15512,-1390,869,2,-27,5,51,54576
4844,164,15320,-372,2485,1335,-26,3,53,54611
2464,168,15844,-337,1230,-478,-27,5,52,54646
2968,300,16668,-510,1738,19,-26,7,53,54682
2520,48,16564,-24,-1004,-775,-25,6,53,54717
3060,564,16048,-520,1869,-209,-24,7,53,54753
2224,0,16436,391,2007,517,-26,6,51,54788
1708,256,16808,-1133,1457,-1440,-26,7,53,54823
2164,-628,15320,1401,-79,-125,-26,6,52,54858
2704,420,16688,-553,-180,-122,-25,7,51,54894
2136,-16,15208,1053,1716,429,-27,7,52,54929
2092,372,16892,564,-302,-630,-26,6,54,54964
2836,128,16248,-38,1174,245,-26,7,52,55000
2196,436,16368,2790,765,-115,-27,9,53,55034
2636,164,16308,3775,2531,426,-26,8,52,55070
1696,1444,17724,3549,1279,328,-28,7,50,55105
2536,744,14800,2703,-146,327,-31,6,51,55141
1148,1504,16792,4116,1657,1063,-30,8,50,55176
1284,1984,17188,539,-756,-44,-31,6,50,55212
1984,1444,15304,843,-156,493,-31,9,51,55246
1860,1672,15924,1348,-9,677,-33,8,51,55282
1556,2292,16268,-215,317,260,-32,8,49,55317
1892,1540,15344,-1113,-238,328,-31,10,51,55353
1884,1724,15792,23,1102,-301,-32,9,47,55388
1612,1400,15952,412,476,-62,-34,8,51,55424
2040,2008,16312,541,1501,90,-31,6,50,55458
1008,1572,16888,-549,724,-70,-31,7,50,55494
1800,1524,16108,-124,-232,74,-30,7,51,55529
1500,1844,16752,-125,83,306,-33,9,49,55564
1716,1656,16480,-790,143,169,-32,9,49,55600
1468,1744,16240,-1040,180,127,-33,7,50,55634
1240,1404,16388,-1689,-320,-29,-31,9,47,55670
1848,1436,15412,-856,-398,-183,-31,9,53,55705
1380,1464,16136,-687,127,-462,-28,7,49,55741
1772,1188,15792,-836,536,-455,-32,7,50,55776
1512,1452,16644,-899,371,-276,-31,6,50,55812
684,892,16892,-1620,-826,-1906,-30,8,52,55846
2016,1000,15880,-389,-570,-1313,-31,9,53,55882
1704,1064,16668,-542,-91,-739,-28,9,51,55917
2272,856,15440,-1236,-189,453,-28,8,51,55953
3048,820,16308,173,558,1168,-29,6,50,55988
752,540,16620,-1780,64,886,-29,9,52,56024
1912,768,15544,-6,-595,-269,-29,7,53,56058
2116,1092,16312,468,47,-361,-28,8,51,56093
1888,1024,16300,-374,271,-130,-29,8,50,56129
1564,712,16092,-207,411,-271,-29,9,52,56164
1600,544,16148,90,268,-265,-30,8,52,56200
1964,700,16260,-148,932,485,-30,7,52,56235
1196,428,16096,271,616,361,-29,7,50,56270
1152,608,16480,499,-815,-563,-30,8,52,56305
2040,856,15916,624,-818,-389,-28,7,51,56341
1636,660,16312,652,-903,-58,-28,7,51,56376
2148,1164,16140,214,-697,138,-30,6,50,56411
1860,952,16100,55,12,186,-30,8,50,56446
1512,772,16244,46,368,89,-28,9,52,56481
1444,792,16384,257,-1019,-479,-30,7,53,56517
2408,792,16392,16,-505,-112,-31,7,52,56552
1380,692,16448,1068,-1654,203,-30,7,53,56587
2220,1060,16916,384,-2960,-621,-30,7,50,56623
3136,848,15560,694,-2041,115,-29,5,52,56657
2932,1240,16244,485,713,625,-29,7,52,56693
2140,1056,15880,576,1300,561,-30,4,52,56728
2464,1204,16140,217,155,83,-30,7,52,56764
2176,1100,16204,-93,1732,563,-31,7,51,56799
1528,1024,16384,-136,361,-344,-31,6,51,56835
2052,1000,16408,117,-107,-516,-31,6,51,56869
2316,1044,16328,-344,360,80,-31,5,52,56905
1916,868,16388,-108,67,-86,-30,5,50,56940
2268,1020,16292,313,152,-183,-31,7,52,56975
2332,1244,16176,-384,605,156,-31,5,51,57011
1936,948,16164,268,-197,56,-30,4,49,57046
2060,1232,16224,363,-32,78,-30,7,51,57081
1988,1196,16388,546,-765,-481,-28,8,51,57116
2656,796,16588,789,367,-28,-32,6,50,57152
1456,1012,16612,1658,-1023,95,-32,5,50,57187
3680,1668,16896,2258,509,2,-32,4,50,57222
1772,1644,16612,2196,-272,151,-32,5,50,57257
2472,1884,16080,3802,-345,-696,-33,6,48,57293
2180,2012,17084,3058,71,-911,-35,4,48,57328
3692,2000,14920,4352,-1138,-28,-35,4,48,57364
2952,2840,16484,7139,-2599,-238,-36,3,49,57399
2620,2624,16244,9745,3222,94,-41,7,46,57435
920,4024,17356,7965,-5125,-2236,-41,5,45,57469
3500,4888,18456,7790,-8365,-2105,-41,3,43,57505
5456,5156,14080,7026,-5879,-210,-44,3,44,57540
1000,5492,16264,7385,-9019,-3698,-44,0,41,57576
6596,6336,13692,10036,-4682,-5715,-46,3,40,57612
5496,6656,12520,15429,-2917,-1936,-51,2,37,57647
3772,8000,13440,17969,-4089,-2094,-53,2,33,57682
3868,8968,11404,19482,-1926,-2641,-55,3,29,57717
3356,10528,12236,21408,-2353,-3978,-58,2,22,57753
5452,12568,10424,20701,-4269,-3477,-61,6,16,57789
4876,13496,8512,20367,320,-3880,-61,6,11,57824
5376,13168,8532,19649,-715,-2841,-64,9,5,57860
5620,15864,4480,20085,7909,-1776,-63,11,-2,57895
2192,14388,5036,19728,5682,-2522,-64,11,-8,57930
4416,16012,5304,17063,3884,-2144,-62,12,-12,57966
3360,16420,344,15540,-1499,-3407,-61,13,-15,58001
2208,14988,596,17319,1376,-3316,-60,13,-22,58037
3536,18228,216,16428,1008,-4718,-56,13,-27,58073
820,15228,-1248,14188,-5252,-5655,-57,18,-28,58107
972,16468,-3920,16685,1728,-6027,-54,20,-32,58143
824,15680,-2028,18150,-4011,-5953,-50,21,-38,58179
24,16220,-7040,16760,-4217,-6679,-45,25,-39,58214
232,15060,-5404,17063,283,-5731,-44,25,-43,58250
-468,14780,-7080,16768,-3014,-6292,-37,28,-45,58286
-1924,15688,-9732,15586,-1228,-6131,-34,27,-48,58320
-1500,13508,-9792,16174,1368,-2424,-32,30,-50,58356
-1128,12032,-9732,17100,2402,-1435,-26,29,-54,58392
-20,11996,-11856,16976,3237,-3997,-22,31,-57,58427
-180,10896,-11468,17604,5498,-5611,-18,29,-55,58463
-540,9644,-11136,19111,2124,-6971,-12,28,-58,58499
-768,7880,-12672,20301,-951,-6242,-8,30,-57,58533
-1128,6760,-12996,21535,-2906,-7546,1,27,-58,58569
-2768,4068,-14620,20144,-6982,-7237,8,30,-57,58605
-3200,4252,-15984,18684,-6429,-6711,14,32,-53,58640
-3632,2300,-15620,14737,-5504,-4821,16,32,-51,58676
-3640,3000,-18312,8862,-5875,-4569,21,34,-50,58712
-5340,2360,-17864,5051,-1123,-3995,22,34,-49,58746
-5460,2200,-17608,1917,37,-634,22,33,-47,58782
-4932,940,-16372,3028,120,96,20,32,-48,58817
-3816,164,-13480,11560,-6779,1304,23,35,-49,58853
-5212,-2720,-20280,17271,3771,-2152,29,32,-42,58889
-5320,-1440,-14344,13048,1414,-1383,32,33,-40,58924
-4152,-4652,-16364,15908,2953,-4356,35,30,-41,58959
-5188,-3784,-16832,12758,-1354,-3740,37,30,-39,58995
-4888,-4400,-12804,12998,-3495,-3095,40,27,-34,59030
-4516,-6112,-14780,14500,-5269,-2657,43,28,-32,59066
-5192,-8640,-14648,16420,-5104,-2893,45,27,-28,59102
-5500,-8212,-13256,16860,-2329,-2748,47,27,-23,59138
-4292,-9592,-11548,16376,-5013,-2258,49,27,-18,59172
-5552,-10904,-12572,19026,20,-3258,51,26,-13,59208
-5260,-11176,-10848,18916,-1699,-3737,51,26,-9,59244
-2896,-12688,-8328,17473,-2768,-2284,52,26,-2,59279
-5440,-13408,-9100,17669,-508,-1446,53,25,1,59315
-3192,-15556,-5064,12202,-2584,2514,51,23,6,59351
-4436,-12320,-6064,11658,5199,4407,52,25,8,59385
-8108,-16656,-8008,15228,3237,-1541,53,23,13,59421
-3888,-13556,-5792,12806,-78,116,52,24,15,59457
-6024,-15412,-4492,18691,1884,-4083,52,22,20,59492
-3128,-14472,-2784,18095,-3776,-854,50,22,25,59528
-4864,-14252,-1288,18686,-997,778,45,21,30,59564
-5504,-15420,488,18385,-1172,-2308,44,19,34,59598
-6076,-14520,760,16797,-884,-2775,41,17,39,59634
-4272,-15676,2144,19276,-2405,-6209,41,17,41,59669
-2632,-14244,3860,17924,-2335,-1707,36,11,44,59705
-4648,-15552,5612,18333,-2976,-1481,34,12,48,59741
-2908,-13476,9588,18707,-2601,-4857,29,11,49,59777
-3636,-13784,10724,10995,-1022,-3351,26,10,53,59811
-4232,-13720,8252,9026,-113,-6834,24,11,55,59847
-1484,-12640,8732,11088,-423,-6441,21,8,57,59882
-2696,-11996,9384,12363,-1299,-6326,20,6,57,59918
-1668,-12100,10572,14158,-1457,-9159,16,6,58,59954
672,-10136,11884,15382,-563,-8049,11,5,60,59988
-1276,-10508,12412,14167,-1076,-6718,7,5,62,60024
1292,-8516,12980,15296,364,-7462,3,4,61,60060
1164,-7836,13724,14897,68,-4909,-2,3,59,60095
-1268,-7544,15584,12609,-667,-5153,-5,6,60,60131
1468,-6400,15888,10019,-302,-6434,-9,4,61,60166
32,-5952,15036,8142,-992,-4911,-9,6,61,60201
1484,-5104,14580,8893,-1961,-5028,-15,5,61,60236
1640,-3356,14072,10692,-2501,-4221,-17,3,59,60272
3956,-2460,19016,9818,320,-3532,-18,4,60,60308
2660,-3168,17624,5190,256,-1087,-21,5,57,60343
368,-3452,13236,5788,-1381,943,-21,5,58,60379
236,-2276,14868,8881,-932,-3415,-25,4,58,60413
2084,-960,16592,7842,-3532,-4693,-27,4,56,60449
4044,264,18860,4706,2112,30,-28,3,56,60484
1784,-408,15304,4760,2789,-3199,-29,5,57,60520
1268,1552,15792,8507,2276,-5325,-30,6,53,60555
1068,1276,16236,6177,-87,-3964,-32,6,51,60591
2712,572,16792,5398,-3079,-3193,-35,6,52,60625
1712,2488,17928,3656,-2393,-4700,-34,7,52,60661
3060,1164,16104,1646,-2730,-1026,-33,6,53,60697
3280,2860,14304,3018,4019,-2398,-34,7,49,60732
1100,1528,17616,1050,5388,1369,-36,7,51,60768
412,2376,16660,1575,-727,-113,-35,8,52,60803
1472,2292,16336,971,-909,-242,-35,9,49,60838
1688,2920,16376,3107,207,14,-37,9,50,60873
1828,3024,16488,828,64,1956,-38,7,48,60909
1716,2636,15864,709,-64,1311,-38,7,48,60944
2060,1792,15884,-149,-1328,282,-38,6,50,60980
1356,3164,16356,599,-1105,-997,-38,7,48,61015
2668,2476,15708,-804,-282,893,-37,6,48,61050
2160,2600,16632,-1348,-414,351,-37,5,49,61085
2488,1788,15908,-377,277,855,-37,7,50,61121
2336,2552,16348,-185,535,526,-36,7,52,61156
2008,1980,15916,583,3527,1603,-36,7,49,61192
1600,2336,16248,7499,2622,599,-39,9,49,61227
1680,2900,16288,6952,1658,254,-41,7,47,61262
1060,4348,16500,3415,-1884,121,-41,8,48,61297
1708,3788,15708,-1395,-2854,-877,-40,6,49,61333
1712,3324,15888,-2628,-2652,-586,-43,6,48,61368
3444,4352,14556,-2956,-911,430,-40,6,49,61404
2496,2904,15760,-4069,1934,3233,-37,5,50,61438
2064,2748,16008,-2947,2942,3322,-37,6,51,61474
2300,2396,15656,-1185,3397,4121,-39,4,50,61510
1584,2208,16692,59,3470,5026,-36,6,51,61545
1408,2316,15956,1178,2215,4018,-39,4,51,61581
1504,2468,15908,1412,1852,3055,-38,6,50,61616
952,2720,16792,208,1160,4101,-39,5,50,61651
1368,2220,15612,-1352,107,2339,-40,4,49,61686
1064,2712,15872,-1767,-853,1639,-39,5,49,61722
2188,1420,15688,-1729,1408,2688,-38,4,50,61757
732,2180,16540,-1235,3957,6770,-37,4,50,61793
420,1720,16268,-1587,6627,8863,-38,4,48,61828
212,2028,15840,-1169,12466,11544,-38,4,51,61863
-2040,2088,17128,-457,7193,12101,-38,6,51,61899
-1024,1988,16524,-221,5227,10705,-38,5,50,61934
-1744,2312,16792,712,5813,11740,-39,5,50,61970
-1388,2108,17108,1795,1968,14408,-40,2,50,62005
-1688,1104,16224,2394,1798,12781,-39,1,50,62041
-1956,2840,16008,5068,-808,12351,-38,0,50,62076
-688,3240,16228,5273,-17,13281,-42,-3,47,62111
-756,4232,14504,1468,1738,12090,-42,-5,47,62147
-444,4796,14920,-1551,3714,12914,-39,-6,48,62182
-1148,3096,15192,-1327,3617,13078,-41,-10,48,62218
-1564,3780,15764,784,2896,13096,-41,-11,49,62254
-2244,3112,17264,495,2805,12667,-41,-11,48,62288
-112,2520,17080,-2220,203,13569,-37,-15,50,62324
-148,3344,16156,-2344,-866,16188,-36,-16,49,62360
-196,3408,14968,-1823,1435,16759,-35,-21,49,62395
-532,3804,15268,-202,2026,15009,-33,-20,49,62431
-1300,3860,16256,-1439,2698,11667,-29,-24,49,62466
-76,2924,15532,-4318,6378,11586,-30,-20,51,62501
-428,4324,16324,-4534,3773,16032,-24,-23,53,62537
-1132,1436,15692,-7074,5115,16580,-22,-25,55,62572
-3072,1852,16792,-7286,1719,20063,-17,-26,56,62608
-740,1660,16264,-7203,1635,17151,-13,-25,53,62644
-2620,436,16968,-5848,-828,16839,-12,-27,55,62679
-268,1440,15992,-1977,-1938,16667,-9,-29,57,62714
-2556,-684,16596,395,-1150,13006,-7,-28,55,62750
-1024,844,16716,4454,-6535,13711,-6,-31,52,62785
-820,840,17020,9335,-9255,13345,-6,-34,52,62821
2732,2156,14580,10699,-8407,12874,-7,-35,53,62856
600,3172,17452,7595,-8590,13830,-7,-38,52,62892
4104,3216,14040,6791,-6072,11490,-6,-40,49,62927
4140,4456,16396,5178,-5164,12914,-5,-39,48,62962
4652,3584,14196,3244,-1456,10801,-4,-41,49,62998
4528,6268,18364,2804,-4529,15231,-2,-41,47,63034
3804,2424,14556,3,1195,9438,1,-42,46,63069
4484,5576,16416,-2396,6047,13239,2,-40,48,63105
1396,376,15392,-4430,802,12621,9,-39,48,63139
4528,2292,14624,-4877,4090,8146,7,-37,47,63175
4952,2480,16828,-1775,-1962,13711,14,-36,47,63210
3828,204,15008,-3124,294,9577,15,-37,47,63246
4956,764,16060,-826,1377,8840,14,-36,47,63281
5032,-980,15092,-473,-2962,7111,18,-35,47,63316
3824,1196,17536,-1363,-4076,3995,19,-37,46,63352
4216,-1436,16904,-5388,-6909,5725,21,-36,47,63387
5276,-976,14968,-5001,-5965,6944,23,-37,44,63423
6004,-1620,13180,-4596,-3203,9414,25,-37,42,63459
6816,-1324,12940,-1534,7803,9199,27,-35,44,63494
4000,480,15780,2983,11236,12324,30,-29,44,63529
3936,-1248,19356,7161,2526,15487,29,-27,44,63564
3900,-1356,15872,4967,-1291,16307,30,-24,47,63600
4672,-108,14776,3437,2239,15380,29,-24,45,63636
4152,-464,14188,3060,3763,16283,31,-21,49,63671
2396,-1256,16616,2368,5395,16349,31,-16,48,63707
1560,-216,15732,4017,417,17134,33,-12,49,63742
788,-3920,15716,5025,4906,18345,33,-8,50,63777
1768,-1868,17152,2903,2345,17668,32,-5,51,63813
644,-1152,16492,2462,492,16772,32,-3,52,63848
1256,-3312,14580,4733,-296,16988,32,3,53,63884
1792,476,16796,2781,4406,17330,32,4,52,63919
-852,-1456,18296,42,-2481,17859,31,6,52,63954
1712,-2128,16020,-10,-7695,17789,30,7,52,63990
3028,-1408,16876,1023,-2428,18907,29,9,51,64025
396,-2516,15960,2293,-7556,17778,28,11,54,64061
2748,-1328,12812,1516,-4653,17525,26,12,54,64096
2904,-1920,15896,380,1736,18851,23,14,55,64132
1784,-2540,16092,1578,-2497,16862,22,15,56,64167
2772,-2424,16024,2512,890,14982,19,21,55,64202
2372,-1840,17612,2257,606,14760,18,20,58,64238
1548,-1136,15164,2138,-2733,14871,15,20,55,64274
1548,-1328,15564,3194,-1502,16515,13,19,56,64309
2868,-1008,17232,4302,-390,18523,9,23,57,64345
424,-1516,16320,4410,-3178,20986,7,23,57,64379
1044,-744,15628,4116,-3108,21696,3,24,59,64415
2476,-1276,16472,4034,-2138,21558,-2,20,55,64451
2536,-560,16360,3240,-3025,21855,-6,23,59,64486
1004,-1576,15480,3699,-3185,20820,-8,21,58,64522
1888,-2436,16088,3499,890,17156,-11,22,59,64557
1064,-2028,15004,2418,-3442,11754,-13,21,59,64592
1692,-1128,14140,-244,-4327,8163,-12,19,59,64628
3336,-936,16108,-675,-1063,8184,-13,18,59,64663
1804,-2356,14648,494,1870,7867,-16,17,58,64699
2228,-872,16488,1961,7135,6447,-17,20,59,64734
2204,-1328,12708,2262,9954,6562,-16,21,56,64770
32,-1188,15960,-706,-4513,8642,-18,22,57,64805
1708,-260,15620,2515,-2726,9303,-20,21,58,64840
1032,-504,15044,4138,1135,11146,-20,18,58,64876
1872,472,16976,2814,-609,9036,-20,19,56,64911
416,484,15648,1449,-1114,10134,-23,17,57,64947
1404,-464,15588,610,1086,8441,-24,17,56,64982
764,1468,15844,-4099,-4802,9392,-24,13,57,65017
1572,-2976,15120,-5748,-1994,11422,-23,13,58,65053
1024,-1124,17152,-277,642,12211,-25,12,57,65088
956,-1904,16872,4158,1039,11617,-25,11,58,65124
728,-1196,17292,3020,-2255,13013,-26,9,54,65160
1288,-1244,16716,2812,-2894,12132,-27,5,57,65195
1232,-864,16328,4477,-1143,14033,-29,6,55,65230
1608,-2860,16420,5362,422,11528,-32,3,54,65265
2988,-912,15480,4647,204,6641,-33,3,54,65301
1968,-80,15440,4250,1524,5727,-34,2,54,65336
860,624,16172,2674,722,4860,-33,0,53,65372
1340,368,15708,2722,335,6186,-35,2,50,65406
1196,740,16136,2195,1298,3323,-37,0,53,65442
940,28,16964,-1346,120,554,-34,1,52,65477
1736,48,16364,-1140,485,-1205,-35,2,53,65513
1120,164,16632,809,979,740,-35,1,53,65548
712,372,16792,943,518,427,-35,3,53,65584
1444,248,15972,944,606,987,-36,0,52,65618
1004,792,16224,1058,722,207,-35,2,52,65653
1184,884,16056,217,26,757,-36,1,51,65689
1032,912,16116,448,581,78,-35,0,55,65724
1088,584,16208,-771,510,-504,-35,2,52,65760
624,492,16528,864,679,380,-36,0,52,65795
908,848,16644,1598,921,1060,-36,2,52,65829
1284,856,15904,187,399,-202,-38,0,54,65865
1052,-144,16108,-1019,-257,-1170,-36,2,52,65900
884,828,16284,-1150,-404,-2079,-36,3,51,65936
1228,548,16120,-584,-168,-487,-35,-1,51,65971
1160,-64,16576,580,583,-598,-35,2,52,66007
980,1084,16148,168,224,-723,-36,0,52,66041
736,352,16424,-251,182,-1210,-35,3,53,66077
120,1384,16364,-195,450,-1868,-34,2,52,66112
1108,1060,15460,-221,3396,-514,-34,3,51,66148
372,396,16824,62,991,-650,-34,6,51,66183
716,1052,16184,68,4292,-220,-34,4,50,66217
344,864,15864,-219,8432,148,-35,6,50,66253
-1248,272,16616,-211,5316,-250,-36,7,48,66288
-1252,872,16216,-520,10010,-560,-35,10,49,66324
-2428,-132,16556,-185,5454,-307,-33,11,47,66359
-2992,668,16396,834,5779,-28,-35,14,46,66395
-2824,536,16192,366,634,-20,-35,13,48,66429
-2900,804,16052,422,177,-108,-34,13,49,66465
-2688,716,15760,343,345,-177,-34,13,48,66500
-2764,952,16016,-36,-245,-326,-35,14,48,66536
-2812,404,16288,-386,-408,-332,-36,13,49,66571
-2844,512,15992,586,59,-32,-34,13,46,66607
-2668,956,15984,173,183,-72,-33,14,48,66641
-2880,408,16244,110,-198,-343,-36,13,48,66677
-2676,916,15928,733,634,-928,-34,15,48,66712
-2700,1092,15600,194,406,13,-34,14,47,66748
-2572,884,15616,-289,624,-398,-33,13,48,66783
-3104,572,16340,-282,429,-93,-36,15,47,66819
-3232,844,16328,109,592,-839,-34,14,48,66853
-3112,1068,15904,-231,256,-259,-35,14,48,66889
-3040,1176,15728,-594,257,378,-35,14,47,66924
-3044,656,16112,-689,210,565,-34,16,47,66960
-3048,156,16364,-77,471,772,-36,16,47,66995
-3424,792,16076,549,926,1371,-36,14,48,67030
-3136,788,15912,423,459,2165,-35,13,49,67065
-2832,600,15900,-1101,-585,542,-34,13,47,67101
-3092,336,15988,-1066,-445,210,-34,13,49,67136
-2932,392,16016,328,975,144,-36,14,47,67172
-3188,868,15956,396,1030,370,-36,13,47,67207
-3032,740,15800,17,688,462,-34,15,46,67241
-3380,48,16384,-293,358,-245,-33,14,48,67277
-3660,804,16560,809,689,117,-33,14,49,67312
-3704,992,16296,679,402,1027,-36,16,48,67348
-3608,584,16632,1249,34,1137,-35,14,46,67383
-3440,956,15920,1121,150,1126,-34,15,50,67419
-3028,432,15564,1634,1007,-205,-36,18,47,67453
-3068,1372,15400,2678,725,-731,-37,15,44,67489
-3124,308,16368,3432,945,414,-34,17,47,67525
-2824,2952,16820,5414,591,439,-39,14,44,67560
-3796,1640,15512,5450,1365,-344,-41,14,44,67596
-4280,3148,15944,5451,2080,1870,-42,15,42,67631
-4636,4524,17172,6520,640,2830,-42,18,42,67666
-3512,3020,15556,8997,2387,2391,-46,15,40,67701
-3660,6468,15464,12176,906,3295,-46,15,39,67737
-5332,3764,16148,18153,2962,2594,-48,16,35,67773
-5128,10820,16040,18260,-2050,550,-51,18,30,67808
-3492,8024,15632,15086,-464,-1551,-54,16,27,67844
-3664,8508,16360,8865,2350,725,-57,18,23,67879
-5228,10688,11492,10908,-677,2466,-57,18,22,67914
-3740,8320,12436,16038,360,1621,-60,19,17,67950
-4500,12188,11236,16998,-741,5038,-62,17,12,67986
-3840,12896,10636,21656,1318,4783,-60,17,6,68021
-3816,12340,10148,19809,2738,5573,-65,14,2,68057
-2892,15120,7936,15382,-236,6017,-62,14,-4,68092
-2756,14124,5960,17342,-2519,6686,-64,9,-7,68127
-2800,15092,7132,18741,-907,6603,-62,9,-13,68163
-1596,15920,3312,17979,-1067,7162,-61,10,-18,68198
-1324,16040,3560,19288,-1653,7454,-60,8,-25,68234
-732,16304,1720,17800,402,6022,-58,4,-29,68270
-20,16836,-68,16719,-604,5023,-54,5,-34,68304
56,15332,-768,16162,-1968,3850,-52,4,-36,68340
680,16868,-2784,18776,731,5349,-50,3,-40,68375
60,13808,-3200,18201,-379,3175,-47,2,-44,68411
2384,15904,-5260,15922,-747,5530,-43,2,-48,68446
1404,15252,-6368,17111,-614,7407,-40,3,-50,68482
1380,13204,-7656,17794,1802,4229,-34,1,-52,68517
3580,14492,-8928,17008,1113,3918,-29,-1,-55,68552
2636,12236,-8760,14957,-368,4548,-27,0,-58,68588
3728,13020,-10424,11156,655,4464,-24,-2,-59,68623
3628,11456,-11660,10337,-1150,4852,-20,-1,-59,68659
3260,10572,-11464,9639,-1591,4032,-17,-2,-60,68695
4060,10872,-12428,7954,-561,3462,-14,1,-62,68729
4052,10040,-13252,8997,-1257,4544,-13,1,-59,68765
3500,9648,-12764,9371,-153,3377,-8,-1,-63,68801
4652,9408,-13316,8334,-942,3344,-7,1,-62,68836
3572,7564,-13272,7997,-1274,4188,-4,0,-62,68872
4376,7848,-14180,8769,1474,5642,1,1,-61,68907
4524,6876,-14424,9174,-947,6191,2,0,-64,68942
3160,6440,-14672,9348,757,5551,6,1,-63,68977
4424,5228,-14600,7231,1081,3166,7,0,-63,69013
4356,4384,-15088,7398,1207,3416,10,-1,-63,69048
4944,4556,-15124,7238,2052,3320,13,-2,-61,69084
5404,4052,-15712,7559,1019,3239,14,0,-61,69120
6536,3256,-17636,8243,-5531,2602,19,2,-59,69154
4788,1808,-15636,9580,-4610,2929,19,1,-58,69190
3892,2196,-14720,9625,1583,3593,23,1,-57,69225
4668,1324,-14884,6014,1839,2556,23,1,-57,69261
4732,160,-15588,6587,2063,2327,27,1,-57,69297
5032,1136,-16224,8228,687,4340,30,-1,-56,69331
5052,-200,-15652,5690,-1973,840,32,3,-55,69367
5104,-1388,-16100,3588,79,-567,31,-1,-55,69402
4220,-3696,-14744,5347,3444,-621,33,2,-53,69438
5204,-2540,-13176,1762,2127,110,33,0,-53,69473
4460,-1836,-15064,-3079,-3036,-1699,31,2,-53,69509
5216,-972,-16136,-1345,-2119,-3217,32,3,-53,69544
5392,-1484,-15852,1378,-570,-2100,31,0,-54,69579
4772,-2112,-14928,3172,-4337,-1111,33,1,-53,69615
4468,-228,-15300,5099,-4229,120,34,2,-50,69650
4488,-2260,-15916,8279,-5315,1712,34,4,-51,69686
3392,-3080,-15356,9531,-2711,2669,34,5,-49,69721
3012,-4212,-15244,9636,-4524,1600,38,7,-47,69756
4428,-3420,-17832,11057,13,515,43,5,-44,69792
3796,-5492,-16980,11565,2245,1951,43,7,-41,69827
3236,-5828,-14436,13006,-908,455,45,7,-40,69863
4240,-6264,-13948,12502,-5705,2541,47,8,-39,69898
3080,-8184,-16220,10648,-2566,2053,51,8,-33,69934
2588,-7944,-13168,13948,-1981,1346,52,9,-30,69969
2616,-8676,-12664,12189,-1451,1579,51,9,-30,70004
4064,-8908,-14168,8059,-4133,2363,53,9,-24,70040
-116,-12268,-12552,10764,1305,2263,56,9,-22,70076
1416,-11556,-11636,12874,-737,-1352,55,12,-18,70111
3128,-12132,-13600,8420,1783,-542,56,10,-17,70147
656,-13128,-10652,9027,5014,-1473,59,10,-14,70182
2000,-12012,-9020,14563,-1238,-871,58,8,-10,70217
3180,-12868,-10224,11409,-180,214,58,8,-7,70253
2824,-13420,-10412,9266,2375,858,60,7,-4,70288
1388,-13836,-5920,13977,-1207,2328,59,9,2,70324
1920,-15800,-9728,14495,2549,-461,58,8,7,70360
1412,-15752,-4852,11108,5413,-3021,58,7,9,70394
3460,-14332,-5228,9394,11946,-3380,57,4,14,70430
2356,-16760,-5324,14197,4982,-1315,56,5,18,70465
3684,-15864,-988,14160,4139,1417,55,5,21,70501
3044,-16100,-1192,9919,2120,236,54,4,25,70537
3192,-16832,-2176,10850,4628,-491,54,5,29,70572
3052,-15096,512,12113,3610,392,51,5,28,70607
2792,-16504,-220,13879,2722,-439,50,3,34,70642
3580,-15476,2152,15926,2030,-797,48,5,38,70678
3472,-15140,3644,14025,3317,-407,46,6,39,70713
3268,-15024,3924,15235,1936,-457,43,5,44,70749
3496,-13992,5364,17284,3125,46,41,5,45,70784
2864,-14696,6976,17132,5153,-1288,37,6,49,70819
4324,-13780,9704,14234,1857,-416,33,6,50,70855
2560,-13288,9072,12323,4317,652,30,6,52,70890
2972,-12632,8904,14211,1916,-308,27,5,55,70926
3040,-11908,10876,16432,860,-262,22,9,57,70961
2236,-11096,10588,16744,4094,443,17,8,56,70996
2656,-9292,12896,17346,4854,1881,12,11,59,71032
1116,-8884,13760,15229,4923,2211,10,13,59,71067
708,-7688,14028,12638,3274,775,5,14,59,71103
2056,-7836,14784,12651,2508,288,0,15,59,71138
924,-6224,14636,12664,6969,1014,-3,16,57,71174
276,-5076,15164,11434,2708,1726,-6,18,58,71209
1132,-4908,16268,9685,1539,545,-11,17,57,71244
-688,-4980,15840,10002,5322,-492,-12,19,57,71280
132,-3312,16440,8945,3346,2306,-17,21,56,71315
-764,-2740,16140,5095,3520,4450,-17,22,55,71351
-788,-3444,16980,3713,1727,3266,-20,19,54,71387
-1136,-1928,15060,6537,3933,1640,-21,21,54,71421
-104,-2636,17120,6860,-1430,7346,-25,21,53,71457
-1396,-876,16732,7298,3837,11303,-24,22,50,71492
-1828,748,15688,7737,3381,10954,-28,20,51,71528
-2360,240,16632,6716,1412,8609,-30,19,51,71564
-1364,888,15760,5953,1973,9820,-33,20,48,71599
-2636,1372,16196,6098,1928,8424,-36,20,49,71634
-2328,2212,16136,7001,2215,8630,-39,16,47,71669
-4076,2180,18028,7445,552,4270,-40,18,46,71705
-1008,2448,15756,8986,-1712,4275,-43,16,44,71741
-3268,4900,16008,8867,2212,6325,-46,18,43,71776
-2952,4492,15240,1593,-1454,989,-46,15,43,71812
-612,4292,15688,-1239,-38,1745,-44,16,42,71846
-2860,4824,15356,-3941,2750,1931,-45,15,43,71882
-1960,3828,15236,-4968,1047,861,-44,14,45,71918
-2144,3424,15628,-2927,1732,801,-44,16,43,71953
-2316,3844,15924,-4357,2778,1977,-42,15,43,71989
-3000,2744,16004,-2954,-620,428,-43,16,45,72024
-2720,3012,16300,-26,1642,634,-40,17,43,72059
-3492,2868,15364,-621,-1168,43,-44,16,44,72094
-2324,3200,16496,798,-866,168,-42,13,46,72130
-1960,3332,16880,-1906,705,-149,-41,14,43,72166
-2692,2956,16532,-3888,1978,-117,-41,17,45,72201
-2684,2392,15612,-2891,1062,-612,-39,16,46,72237
-2976,2036,16152,-3175,1684,-1401,-39,18,47,72271
-3548,1728,15060,-4053,-238,-3926,-39,16,47,72307
-3456,996,14968,-4176,-745,-5044,-36,19,48,72343
-2408,1356,15676,-2075,418,-3965,-37,18,47,72378
-3376,456,16412,2269,58,-3931,-37,21,47,72414
-4000,-696,16196,2933,-3476,-8234,-35,19,44,72449
-4256,936,17628,3383,-3818,-15165,-35,19,47,72484
-1820,556,14352,3440,-3277,-17286,-35,23,45,72520
-3612,2500,16148,4611,1568,-18626,-32,27,45,72555
-3124,1580,15816,1009,202,-18894,-32,28,46,72591
-4300,1396,15576,-1200,6995,-21512,-29,36,43,72627
-4108,1952,16272,-325,5322,-22960,-25,39,43,72662
-3068,716,16592,164,3452,-21328,-18,41,43,72697
-3652,1356,15924,1258,4358,-19620,-19,42,39,72732
-3196,560,16408,1211,4341,-17519,-12,44,41,72768
-1272,-596,11812,-10154,9433,-16247,-9,44,40,72804
-6376,-4056,13388,-6196,20386,-23495,-3,51,36,72840
-4568,-2552,18376,9078,6987,-18301,1,50,34,72875
-9768,728,18604,13377,-4556,-12755,2,51,34,72910
-4164,-1396,13568,6687,-5079,-10585,2,49,36,72945
-4056,-4468,12824,5171,8483,-11187,3,52,35,72981
-8688,-1764,16240,4902,2762,-15180,7,51,35,73017
-6872,-1968,13288,1018,4755,-13636,10,49,35,73052
-6740,-1340,16060,3919,3011,-15721,13,49,34,73088
-7340,-2448,15364,3773,64,-13520,15,47,32,73123
-5976,-1412,14256,282,-210,-10253,16,49,36,73158
-7676,-2552,14600,-688,1780,-10223,19,48,34,73194
-6852,-3848,15076,-519,-4910,-9831,22,45,32,73230
-5776,-4296,13532,3495,-1097,-12380,23,43,37,73265
-5316,-4748,16088,3216,-2097,-14234,26,41,35,73300
-3372,-4308,15012,1395,11,-13686,28,39,36,73335
-2408,-1560,16376,-1469,1567,-8311,27,39,38,73371
-4924,-4460,15040,-1661,2163,-8726,32,37,34,73407
-7368,-7136,14828,1025,-1380,-11934,34,34,34,73442
-6616,-4764,14956,3883,-2591,-14764,35,30,36,73478
-5084,-5984,16484,1051,-3888,-15691,37,27,37,73513
-6284,-4792,14652,-604,-1957,-18180,38,23,38,73548
-4860,-6692,15908,-1860,-1333,-22509,43,16,39,73584
-2336,-6128,14056,568,-1572,-24818,45,11,41,73620
-76,-4628,14932,1287,332,-22017,45,7,38,73655
1424,-2860,14716,-104,3462,-20692,45,2,40,73691
996,-8340,17496,108,4503,-17021,45,-2,38,73725
-856,-2616,15072,2450,-3303,-17342,45,-5,40,73761
980,-3188,16092,-301,245,-20459,43,-10,40,73797
704,-8300,15884,-1331,-463,-21299,41,-14,40,73832
-636,-3716,12916,667,-994,-24353,41,-20,40,73868
752,-5132,14640,-2669,5204,-28031,37,-23,39,73904
-1516,-4496,14324,-3816,7023,-31444,32,-28,42,73938
1392,-2096,17044,-2283,-2509,-32768,29,-33,43,73974
6176,-724,15052,-5354,-5963,-29102,27,-38,37,74010
7576,-2136,13380,-3702,-795,-23029,21,-42,37,74045
7604,-2892,12768,1688,235,-16975,19,-45,39,74081
5784,-912,14032,3084,6472,-12504,15,-43,40,74117
3944,-2328,15844,2107,7750,-11388,12,-41,42,74151
1840,-1236,16448,1576,4188,-13980,7,-43,43,74187
3200,-1016,17280,-151,2814,-15482,7,-44,43,74222
3244,-848,15928,-706,1317,-16082,2,-44,45,74258
3792,-884,14208,1392,1128,-16188,-2,-44,44,74294
5156,788,16092,2535,3618,-14307,-4,-43,45,74329
7332,-276,16752,1928,3587,-9690,-7,-42,44,74364
5084,1308,16784,1695,8091,-5004,-7,-41,46,74399
804,-468,15300,-3729,6416,-6067,-9,-42,48,74435
2380,740,16968,-508,1032,-7973,-8,-38,47,74470
3588,-820,15252,2604,857,-8016,-9,-39,47,74506
3868,812,14084,5278,4601,-8644,-13,-37,49,74542
4068,2016,12472,6447,10689,-7296,-16,-36,47,74576
-692,3144,15980,8729,18503,-6057,-20,-30,50,74612
-4496,2480,25180,9278,-799,-7035,-21,-29,50,74648
-1076,3828,21048,-3119,-9192,-11825,-22,-30,48,74683
1000,4592,11136,-3216,-3813,-11612,-23,-26,47,74719
3152,2612,11488,7376,-9332,-10194,-28,-30,46,74755
2624,3456,16000,9784,-9803,-9904,-30,-29,44,74789
3004,4436,16828,6499,-5491,-9706,-34,-29,42,74825
2108,6088,16388,1758,133,-9406,-35,-27,42,74860
-544,4212,16920,-1611,3287,-11269,-37,-26,42,74896
-1224,4756,15224,-1238,393,-15316,-39,-23,42,74932
296,5728,14572,-439,659,-17619,-41,-20,44,74967
1576,6028,15488,860,1076,-16133,-41,-16,41,75002
1464,6284,14948,630,2006,-13113,-43,-14,42,75038
1252,4800,15048,94,1950,-10277,-45,-13,43,75073
-596,4656,14544,2561,3856,-8142,-45,-10,40,75109
-2240,4180,14480,3653,1901,-9274,-45,-8,42,75144
-2996,5816,16748,3137,2155,-11491,-46,-5,42,75180
-2040,5696,16424,767,-198,-11911,-46,-2,43,75215
-1932,4528,15748,-251,-860,-11586,-47,0,40,75250
-1260,6840,15200,-620,-1941,-10227,-47,1,42,75286
-1444,3476,15304,-621,-504,-8103,-49,2,41,75321
-3508,4084,15232,-659,-1587,-8474,-45,4,41,75357
-2956,5596,14760,-480,-1489,-9655,-45,6,42,75393
-2876,2836,16720,-1892,-1193,-9601,-45,6,42,75427
-3596,5332,16188,-2382,-2909,-10276,-46,10,41,75463
-2176,1856,15248,-4405,-817,-9590,-42,9,41,75499
-4064,4172,16300,-1811,-2834,-9947,-43,11,44,75534
-1648,4544,15572,-3530,-2019,-9017,-42,12,44,75570
-2408,2800,16568,-3761,-1138,-6602,-40,14,47,75606
-2928,3312,15040,-3091,-3317,-5880,-39,14,45,75640
-1612,2588,14724,-2163,-1092,-4592,-41,14,44,75676
-2876,1160,16356,-704,-1557,-3217,-38,16,46,75711
-2504,2616,15440,-1314,-866,-3656,-39,16,46,75747
-2160,1080,16240,-674,-275,-2354,-38,15,48,75783
-2748,2440,16020,-134,-31,-2577,-38,16,45,75817
-1184,2216,16924,162,-1685,-679,-36,15,46,75853
-2468,2172,16540,-267,-1327,1148,-39,14,47,75888
-2008,2172,15292,362,-3697,1595,-39,13,46,75924
-3376,792,16152,-411,2172,974,-36,14,48,75959
-3848,2100,16664,-13,272,-1492,-38,15,47,75995
-2336,1488,16772,-1001,380,-2671,-38,14,47,76030
-1880,2292,16824,-265,-2969,-2196,-37,15,48,76065
-600,1908,16400,-1927,-2703,-570,-37,14,48,76101
-2032,1232,16672,-3390,1114,-311,-36,12,49,76136
-1244,1144,17024,-4436,-668,-188,-34,12,48,76172
-1324,652,15444,-3933,-4123,997,-32,11,52,76208
-932,-100,15252,-1160,-3447,1390,-34,13,50,76242
-492,592,16388,228,-4775,1604,-34,9,51,76278
188,404,16696,1862,-9085,2686,-32,8,52,76313
-544,372,15848,4265,-13298,3432,-36,3,51,76349
1532,840,18720,3912,-15014,2386,-35,-1,51,76384
2240,564,15040,3271,-15235,3164,-38,-5,50,76420
1864,1148,18936,1393,-15396,1589,-38,-9,51,76455
4304,2152,22188,-630,-17025,1111,-38,-14,49,76490
8776,1012,8720,-821,-21985,7707,-36,-23,47,76526
4964,-1068,11696,2470,-15205,5188,-35,-26,46,76561
5924,1208,16672,1708,-22306,-782,-35,-28,42,76597
12080,2652,12620,-352,-19645,-945,-35,-36,41,76633
10816,964,9180,2238,-19226,730,-33,-38,37,76667
13772,2436,10136,2950,-16090,-426,-35,-40,34,76703
14528,3052,8556,2818,-15803,3733,-35,-45,30,76739
11588,880,8916,1609,-17170,3578,-35,-43,25,76774
12956,740,9732,3334,-26141,1685,-37,-45,21,76810
11432,224,2752,2894,-32768,-451,-36,-48,10,76846
14132,940,4552,1686,-32768,-5521,-39,-49,4,76880
18200,2304,-4468,1266,-27863,-4701,-38,-46,-3,76916
15612,3360,-2024,2448,-21753,-1849,-40,-43,-10,76952
15876,2084,-4304,1951,-25583,11,-38,-45,-16,76987
15380,1812,-8572,5309,-20353,654,-37,-40,-21,77023
14372,1336,-7956,7643,-19889,21,-39,-36,-26,77059
12476,1172,-7128,8555,-25683,-1110,-37,-33,-31,77093
12668,2824,-10036,967,-25562,-1640,-37,-28,-35,77129
11420,2896,-14064,-2613,-23083,1598,-39,-22,-39,77165
7868,960,-11404,-140,-23784,1934,-38,-19,-44,77200
7964,1608,-16648,306,-30716,339,-38,-12,-47,77236
6660,1832,-14892,-2541,-22864,200,-40,-5,-47,77272
4636,2184,-16124,-4268,-23966,1758,-41,-3,-48,77306
3124,1488,-16752,-3094,-20549,2214,-41,3,-49,77342
1252,1208,-15668,-3678,-23175,1423,-44,7,-48,77378
-892,1440,-17648,-1808,-25252,1005,-42,12,-48,77413
-2412,2692,-15844,-1162,-23457,-1319,-44,19,-46,77449
-3000,2612,-16120,-735,-19998,-462,-45,19,-47,77485
-5168,3400,-14488,204,-19475,604,-44,26,-44,77519
-6216,2668,-16412,-1875,-19953,72,-42,28,-40,77555
-8836,3880,-13388,-3439,-17195,447,-46,31,-38,77591
-9832,5164,-14672,-5139,-21611,5093,-44,33,-35,77626
-11764,3104,-14768,-3451,-19418,5754,-50,34,-31,77662
-11312,4456,-9164,-1123,-16371,3361,-48,34,-28,77698
-13180,2044,-14368,-2635,-17261,1642,-50,38,-27,77732
-11600,5932,-9448,1688,-12460,-788,-47,39,-25,77768
-13056,4116,-8560,1929,-7837,1430,-50,39,-24,77804
-13672,4700,-10516,2108,-6598,399,-49,40,-23,77839
-12892,4032,-6236,4168,-9067,2724,-47,38,-24,77875
-13432,1280,-6504,4178,-17885,4784,-51,38,-19,77911
-16852,4800,-5532,3177,-20061,-138,-48,39,-17,77946
-15500,5004,-5932,523,-11648,-6661,-49,44,-18,77981
-14992,2152,-4372,3099,-16777,-3439,-48,44,-14,78017
-16520,3556,-2656,4480,-14668,-5527,-44,47,-13,78053
-14740,3908,-456,2629,-17411,-4755,-46,49,-11,78088
-17100,2860,-208,1695,-20823,-2937,-43,49,-8,78124
-16100,3964,-376,654,-17639,-6097,-43,52,-2,78159
-17328,2416,1764,1221,-21923,-6105,-44,50,1,78194
-15248,1828,1520,3443,-21451,-7013,-43,50,6,78230
-15172,-540,4164,7635,-19178,-6635,-40,49,6,78265
-15532,-28,5852,10389,-24940,-7396,-39,50,13,78301
-13392,1028,8184,12584,-27423,-7506,-39,50,16,78337
-11340,872,9700,13344,-32768,-7938,-39,45,20,78372
-9012,1988,13740,9783,-25225,-5273,-38,43,24,78407
-9196,2580,13800,6313,-18119,-3390,-39,41,29,78443
-8292,1208,15544,4444,-13972,-2555,-38,40,30,78479
-7168,2148,15076,3179,-13003,-3744,-39,39,32,78514
-6028,2516,16184,1497,-11429,-656,-36,35,32,78550
-4652,2104,15676,-3327,-7469,608,-39,34,36,78585
-5552,1280,14904,-1649,-3839,-583,-37,33,36,78620
-4980,1840,15848,-548,-3111,-815,-39,34,35,78656
-3924,1552,15828,-2237,-4092,-977,-38,32,38,78691
-5420,1056,15532,-3262,-5069,-348,-35,31,41,78727
-4572,1460,16512,-2805,-10986,-2260,-36,26,41,78763
-1996,1148,14636,-3248,-7450,-999,-34,25,43,78797
-2704,196,16240,-1199,-6136,-717,-36,25,46,78833
-2052,636,15696,-1130,-5493,-889,-36,23,48,78869
-1832,408,15788,-795,-2599,39,-33,21,47,78904
-2132,788,16756,-695,-4159,269,-33,22,45,78940
-1412,976,16384,-1367,-2711,1110,-33,19,46,78974
-832,188,15848,-1372,-2408,1391,-35,20,48,79010
-1784,144,17388,199,-1767,748,-33,18,48,79045
-688,360,17104,-1182,-5051,991,-34,18,48,79081
816,24,14784,-1067,-777,769,-33,17,49,79116
-1140,596,17832,590,-2000,881,-33,15,49,79152
-324,792,15856,-1019,-2904,1094,-32,15,49,79186
96,600,15800,-1066,-1303,2442,-32,13,49,79222
-744,44,17296,-421,-3680,2835,-33,11,50,79257
380,568,16020,-776,-3395,2270,-32,13,51,79293
560,-44,16660,-137,-859,3442,-32,9,51,79328
544,-232,17464,1478,-1990,2225,-33,11,50,79364
1316,1144,17700,-229,-2739,2584,-33,9,50,79398
2144,-1356,16748,-717,-1920,2306,-32,8,51,79434
1936,-1292,16464,3075,-1132,-178,-33,7,51,79470
2128,532,15896,2070,-573,-6,-35,6,50,79505
1132,-320,15232,1829,-648,633,-33,7,51,79540
660,248,15048,1983,-1010,-9,-33,7,51,79576
1304,1108,14084,191,-936,289,-33,5,48,79610
1456,260,14900,-1141,221,1570,-32,7,51,79646
1232,-300,15796,-174,531,1322,-32,6,50,79681
2088,16,16044,-797,730,1089,-32,5,50,79717
1552,-708,17204,-1478,783,817,-33,5,51,79752
2104,-1068,16584,1027,-11,-167,-32,4,50,79788
2108,760,16472,1413,1180,-687,-35,5,50,79822
1296,448,16736,266,465,-254,-35,5,49,79858
1732,444,15816,562,-1178,-1062,-35,4,50,79893
1696,1356,15484,201,-492,-1138,-33,6,51,79929
1704,1096,15940,-941,-639,-297,-33,6,48,79964
1888,308,16248,-1084,-699,-546,-33,6,49,80000
1460,252,16264,-355,-125,-1004,-32,7,50,80034
1344,244,16940,-180,-290,-941,-32,8,49,80070
1568,128,16392,249,-502,-951,-32,5,51,80105
1528,348,16348,475,-67,-823,-33,5,49,80140
1244,520,16316,623,18,-875,-34,7,49,80176
1644,824,15952,154,-208,-587,-33,5,47,80210
1776,608,16064,-378,459,-366,-33,8,50,80246
1836,100,16544,272,822,79,-34,5,49,80281
1412,36,17144,252,12,-315,-33,7,49,80316
1948,120,16160,278,-410,-785,-32,7,50,80352
1732,92,15828,657,890,-743,-33,6,49,80387
1048,624,16524,672,522,-765,-32,6,49,80422
1168,932,16292,-326,-268,-500,-33,7,50,80457
1392,560,16100,-478,329,-133,-32,5,48,80493
1452,588,16564,206,71,294,-31,6,49,80528
1980,660,16708,14,-22,169,-32,7,47,80563
1880,416,16760,-305,-463,338,-32,6,49,80599
1888,-120,16576,289,-557,186,-34,5,48,80633
1844,156,15816,686,-259,-280,-32,6,50,80669
1940,520,15920,256,-117,171,-32,7,47,80704
1820,404,15764,-226,217,-85,-31,7,50,80739
1928,608,15840,-315,239,-205,-32,6,49,80775
1796,924,16048,-467,570,-176,-33,6,48,80809
1660,484,16084,-306,956,111,-30,7,49,80845
1564,528,16116,-231,850,-91,-32,8,48,80880
1440,520,15976,-583,1121,92,-32,8,49,80916
1244,352,15776,-527,1197,187,-35,7,51,80951
464,1592,19620,-6015,-2482,757,-31,4,48,80987
740,-2760,11220,-1796,-1354,-502,-28,9,49,81021
292,-360,14388,4039,4476,1455,-30,8,50,81057
-152,2660,22260,-276,-1845,1450,-30,6,48,81092
2052,-880,15356,-4080,-4856,540,-30,5,49,81128
3064,-916,14732,2199,2007,1341,-30,6,47,81163
1436,168,17296,2352,3576,1006,-29,7,47,81199
1400,-704,16752,-848,-942,188,-31,8,49,81233
2344,-572,15032,50,203,-425,-32,8,49,81269
1544,200,16388,567,1629,9,-31,8,48,81304
1120,16,17352,-400,25,-168,-31,8,50,81339
1616,-256,16612,-390,-819,-602,-30,5,48,81375
1316,-312,16792,356,-276,-353,-31,8,49,81410
1628,-76,16480,454,-514,-517,-31,6,50,81445
1676,-8,16176,453,-263,-479,-33,7,48,81480
1548,236,16224,643,-174,-422,-31,7,48,81515
1652,280,16008,255,-301,-334,-31,5,46,81551
1656,-16,15932,217,83,-220,-32,7,49,81586
1772,212,15864,-1,137,-275,-31,7,47,81622
1684,72,16184,-265,126,-200,-30,6,47,81656
1768,-40,16420,-266,115,-296,-33,8,47,81691
1596,-40,16348,1,415,-360,-32,7,47,81727
1600,56,16492,75,97,-340,-31,6,46,81762
1560,24,16116,32,169,-465,-31,7,47,81797
1556,72,16156,57,303,-346,-33,6,47,81832
1464,40,16260,-44,382,-385,-32,8,47,81867
1396,168,16336,19,368,-485,-31,8,50,81903
1356,288,16360,-350,87,-307,-30,6,47,81938
1316,172,16456,-89,289,-109,-31,7,49,81973
1420,240,16528,9,-10,-194,-32,8,49,82009
1424,132,16304,-199,-6,-72,-30,8,46,82043
1468,-72,16380,197,383,31,-30,6,46,82078
1428,32,16548,128,-18,-111,-31,7,48,82114
1672,-80,16220,-17,-63,-112,-31,9,48,82149
1716,-88,16260,140,183,-259,-30,6,46,82184
1604,-104,16160,58,230,-318,-32,9,48,82220
1388,72,16236,10,105,-516,-32,9,47,82254
1380,76,16160,101,310,-256,-31,7,46,82290
1308,136,16268,34,133,-291,-32,8,47,82325
1516,348,16052,-156,124,-241,-30,8,47,82360
1512,308,16340,-194,531,-117,-31,8,48,82396
1272,-84,16776,-22,453,-77,-30,9,49,82430
1076,-96,16552,79,-105,-203,-34,8,46,82466
1324,96,16188,135,65,-69,-31,7,47,82501
1396,72,16312,-39,150,27,-33,9,49,82536
1408,92,16336,-23,-54,-100,-31,10,47,82572
1436,172,16428,81,117,60,-31,10,48,82607
1312,-40,16568,309,199,-21,-31,7,47,82641
1196,276,16568,256,-46,-159,-32,8,49,82677
1216,324,16440,185,-85,-29,-32,7,46,82712
1308,236,16304,225,77,-30,-32,8,46,82747
1160,528,16572,255,-127,-33,-31,9,48,82783
1340,344,16372,66,-316,294,-33,7,48,82818
1452,-260,16368,4,-240,216,-31,8,50,82853
1532,-76,16596,471,-234,28,-32,7,47,82888
1776,-120,16012,340,-304,184,-31,8,44,82923
1800,-40,15952,490,168,28,-30,8,48,82959
1640,264,16108,418,258,-82,-31,7,47,82994
1596,324,15912,-58,99,29,-33,7,49,83028
1280,236,16180,90,513,80,-32,8,48,83064
1332,260,16292,22,198,83,-32,7,50,83099
1508,400,16040,-190,391,75,-33,8,49,83135
1372,364,16408,-209,567,157,-32,9,49,83170
1512,316,16100,-296,235,23,-32,7,48,83205
1696,236,16044,-315,699,18,-32,9,48,83240
1556,-20,16496,-303,627,26,-29,7,49,83275
1340,-60,16580,-271,315,-309,-30,8,48,83311
1304,72,16496,-359,111,-374,-29,8,48,83346
1192,0,16292,-177,235,-308,-29,9,48,83381
944,148,16440,-172,-52,-330,-32,11,49,83417
1068,304,16340,-264,-133,-113,-31,6,48,83451
1092,208,16372,-33,-41,-38,-31,9,46,83487
1460,172,16484,-311,-520,-45,-31,6,50,83522
1464,96,16720,-113,-684,-147,-34,8,48,83557
1576,12,16444,202,-632,-339,-29,8,47,83593
1420,164,16324,80,-566,-334,-29,9,48,83628
1100,-64,16260,235,-767,-301,-31,7,49,83663
1456,-92,16016,-154,-729,-169,-29,8,47,83698
1468,-196,16016,-127,-399,-43,-30,8,49,83733
1532,-148,16236,-148,-239,22,-29,7,48,83769
1640,76,16280,-107,-447,111,-30,8,49,83804
1940,152,16244,-214,-239,-28,-29,7,48,83840
2020,148,16320,-256,-646,-130,-29,6,48,83874
2276,-52,16276,-337,-182,-225,-29,8,48,83910
2100,-20,16548,136,-158,-475,-31,6,48,83945
2072,-120,16540,-98,-331,-573,-30,7,48,83980
1920,-160,16296,149,-268,-693,-29,7,47,84016
1740,64,16208,170,-216,-561,-29,6,49,84050
1852,28,16168,-233,-470,-409,-30,8,48,84086
1912,-184,15944,-52,-24,-435,-30,8,48,84121
1840,-100,16076,-119,286,-305,-31,6,47,84157
1848,-136,16228,-224,244,-135,-29,6,48,84192
1816,-180,16384,-191,49,-219,-29,5,47,84227
2032,-52,16188,-88,166,-149,-29,7,49,84262
1960,-148,16500,39,349,-83,-32,7,47,84297
1796,-68,16224,86,153,-231,-31,8,47,84332
1736,-4,16160,49,204,-112,-28,7,49,84368
1896,-24,16048,-107,280,-38,-29,6,49,84403
1812,-236,16324,-130,232,-57,-29,7,48,84439
1768,-144,16380,119,34,-80,-30,4,47,84473
1944,-168,16268,112,186,-106,-30,8,49,84508
1776,-16,16284,133,203,-113,-30,7,47,84544
1872,-12,16204,136,32,-111,-29,7,49,84579
1840,-24,16244,176,266,14,-29,6,48,84615
1800,68,16144,82,35,-54,-28,6,48,84649
1840,-44,16208,119,240,60,-29,9,47,84684
1804,-44,16332,-7,115,-31,-28,7,48,84719
1880,-120,16344,112,205,-45,-30,8,49,84755
1796,-48,16436,-32,-116,-66,-29,6,48,84790
1916,-212,16076,297,266,-59,-32,7,49,84826
1740,-48,16336,45,-6,-131,-31,7,46,84860
1944,76,16072,90,-124,-134,-31,7,49,84895
1900,112,16224,149,372,-113,-28,8,48,84931
1708,-64,16344,61,141,-81,-29,6,49,84966
1712,-108,16252,53,19,-118,-30,9,48,85001
1816,-180,16208,135,178,-130,-31,8,48,85037
1656,12,16168,187,44,-201,-29,6,49,85071
1860,172,16100,-59,214,-50,-30,9,48,85107
1708,152,16432,-151,109,-91,-31,8,47,85142
1920,-64,16328,-87,133,-43,-30,7,50,85177
1752,-72,16476,182,372,-92,-28,8,47,85213
1692,-112,16332,142,-91,-167,-30,8,49,85248
1844,60,15964,33,83,-185,-30,7,48,85282
1672,112,16104,47,261,-123,-30,7,48,85318
1800,136,16148,-110,333,-143,-30,8,48,85353
1696,108,16300,-133,78,-53,-30,7,48,85389
1848,-56,16200,-1,462,-92,-31,8,48,85424
1696,32,16304,303,562,-139,-31,8,45,85458
1612,108,16100,211,574,-42,-30,9,48,85494
1584,152,16180,268,635,-54,-30,8,47,85529
1348,244,16280,38,637,76,-30,7,48,85564
1520,144,16244,-215,368,150,-31,8,47,85600
1668,-12,16268,-271,394,184,-31,9,48,85635
1576,112,16452,-3,466,231,-31,9,48,85670
1636,76,16340,-163,429,154,-31,8,46,85705
1852,-560,15940,132,1377,240,-32,8,48,85740
1496,-152,15872,331,1828,230,-29,10,48,85776
984,128,16220,74,1657,168,-28,11,47,85811
924,192,15940,-242,1843,371,-30,10,45,85847
916,8,16036,-479,2090,396,-30,12,48,85881
508,-116,16304,-299,2618,572,-30,12,46,85917
508,-76,16332,-116,2099,308,-27,13,47,85952
692,164,15900,66,3290,405,-31,13,43,85988
-128,128,17012,665,4069,990,-29,15,45,86023
-184,-372,16716,310,1908,118,-31,16,45,86057
-236,-64,16496,223,2203,284,-32,14,44,86093
-504,-312,16460,214,1684,385,-31,14,43,86128
-408,-112,16036,41,1985,-85,-30,16,43,86164
-852,176,16060,37,1725,67,-31,17,43,86199
-732,-108,15836,92,2640,270,-30,18,43,86235
-1324,148,16240,-5,2376,278,-31,20,44,86269
-1308,132,16412,-477,2011,381,-30,18,40,86305
-1084,-32,16280,-805,2064,268,-31,18,40,86340
-1332,-156,16340,-453,2630,273,-30,18,39,86376
-1780,-220,16736,-294,2331,119,-30,21,41,86411
-1744,-388,16324,-772,1587,-122,-31,20,40,86447
-1924,-452,15888,-459,2282,38,-30,19,37,86481
-2056,-608,15900,109,3216,116,-30,21,39,86517
-2540,-400,15840,17,2687,184,-31,22,38,86552
-2876,-340,15700,-1042,2142,264,-31,24,37,86588
-2752,-812,15164,-2245,2313,196,-30,24,35,86623
-3204,-1564,14304,-1966,-3987,1078,-30,24,37,86659
-3012,-2572,13224,2567,-5446,-227,-33,24,33,86694
-3924,-3124,14480,5601,-316,-5506,-34,25,33,86729
-1328,-332,16000,-2741,11803,-8494,-36,28,31,86765
-2368,-2052,15300,-4375,10071,-7515,-38,34,26,86801
-3312,-3156,15224,220,7772,-9757,-40,39,28,86836
-4668,-752,15740,4410,4247,-11727,-41,42,26,86872
-4704,164,17072,4883,-943,-13754,-43,45,28,86906
-4616,744,16992,350,593,-13602,-41,50,32,86942
-5488,396,15788,-997,3129,-13112,-37,53,32,86978
-3416,-116,16560,-1887,-2,-11609,-36,55,38,87013
-3800,-1696,13964,82,-2856,-9356,-34,56,41,87049
-3392,-2436,16268,4114,-9724,-5319,-31,54,46,87084
-4816,-1996,13620,8774,-9607,-2829,-36,52,49,87119
-5780,-1248,15696,12477,-5553,-4672,-33,52,54,87155
-3076,6368,25576,-10175,15003,-6275,-31,53,54,87191
-4200,-1424,11672,-12476,15411,-4930,-24,56,52,87226
-6872,-804,17128,-4156,6033,-1399,-22,60,53,87262
-6232,-1160,15988,-8204,8359,-1326,-22,62,51,87298
-4944,-1456,15804,-1569,2400,-39,-20,64,53,87332
-5204,-2600,13012,-3464,3727,1081,-21,67,53,87368
-7132,-3580,16668,-801,5858,2171,-20,68,54,87403
-7724,-5780,16664,392,85,-62,-19,71,57,87439
-4124,-4800,12976,213,5957,-3935,-20,73,56,87474
-9620,-5460,18188,-1611,8381,-6579,-15,78,55,87510
-5616,-2292,14716,110,-208,-3425,-13,76,54,87545
-7116,-3872,11540,-608,7385,-1556,-12,77,55,87580
-8452,-3248,12056,-1388,10075,-1802,-11,81,51,87616
-10228,-3224,11820,-827,16996,-394,-7,84,48,87652
-10156,-3080,15000,4109,-31,-2155,-7,83,50,87687
-8260,-3244,13112,7357,-10014,-1880,-4,79,56,87723
-9056,-3176,14376,7923,-8490,-2494,-5,76,63,87757
-9784,-6612,14312,4174,-3433,-3690,-5,76,71,87793
-7268,-1920,12992,5111,2024,-2884,-4,76,71,87829
-5756,-3444,14300,7128,-8348,-785,-4,70,78,87864
-7836,-824,15528,8900,8215,-671,-4,68,77,87900
-7860,-580,13924,8741,4600,-788,-6,66,78,87934
-7920,-804,14668,7708,5008,-4542,-5,63,79,87970
-7592,-420,13616,7561,4631,-5039,-1,60,80,88006
-9604,-512,16312,5522,3242,-6065,-3,59,81,88041
-10148,-468,15932,2053,-4017,-4266,0,57,82,88077
-8504,-420,13156,1917,-7289,-253,-1,53,87,88112
-7716,-424,14520,1781,-11797,-435,1,46,89,88147
-5948,-12,15132,2011,-7381,-324,-3,41,92,88182
-6432,-88,15568,-402,1384,-107,-2,44,95,88218
-7096,-72,15176,171,-218,-22,-3,43,94,88253
-6816,-148,14644,12,260,-97,0,43,94,88289
-6744,-60,14916,-9,113,-27,0,44,93,88324
-6876,-136,14912,56,129,-56,-1,45,91,88358
-6800,-144,14832,70,65,-41,-1,43,94,88394
-6888,-72,14948,83,1,-60,-3,44,93,88429
-6824,-68,14908,93,-97,-53,-3,42,95,88464
-6756,-20,14808,87,-56,-18,-1,45,97,88499
-6768,-12,14912,41,65,-54,-3,43,94,88535
-6708,-96,14852,116,60,-39,-1,43,94,88569
-6716,-56,14836,76,102,9,-3,43,94,88604
-6764,-52,14852,101,63,-14,-2,42,95,88640
-6796,-64,14912,174,-32,-15,-1,43,94,88675
-6820,-4,14988,217,-42,-21,-3,43,94,88710
-6720,-108,14920,181,-43,-11,0,43,93,88745
-6708,88,14808,128,56,-19,-1,41,92,88780
-6696,28,14784,59,100,17,-2,40,92,88815
-6780,44,14856,62,106,16,-1,43,93,88851
-6692,12,14832,68,129,0,-2,43,93,88886
-6748,80,15028,71,-81,17,1,42,96,88921
-6804,84,14856,40,-189,-64,-3,42,95,88956
-6656,12,14964,68,-233,-111,-4,43,98,88991
-6744,76,14872,-4,-220,-48,-1,43,95,89026
-6604,-32,14880,53,-74,-60,-2,40,94,89062
-6648,-12,14908,36,-57,-31,-1,41,95,89097
-6700,16,14968,77,88,-49,-3,40,94,89132
-6680,124,14964,-5,197,-44,-2,45,95,89167
-6588,56,14824,-61,244,-52,-3,41,93,89202
-6672,24,14944,-43,264,-82,-2,45,93,89237
-6716,-12,14924,-20,254,-71,-2,43,93,89273
-6732,48,14996,-37,173,-42,-1,42,94,89308
-6712,-32,14800,14,127,-42,-2,42,92,89342
-6732,32,14868,-1,140,-63,-1,43,93,89378
-6760,0,14724,4,71,-60,-1,43,95,89413
-6716,-40,14864,11,96,-71,-2,43,95,89448
-6772,-4,14900,40,81,-83,-2,43,93,89483
-6716,60,14888,28,54,-79,-2,41,92,89519
-6776,12,14840,46,7,-50,-1,42,95,89553
-6712,32,14860,45,39,-49,-2,42,93,89588
-6716,-36,14792,35,50,-35,-2,43,94,89624
-6760,4,14892,49,25,-61,-2,43,94,89659
-6716,28,14876,11,72,-64,-2,42,95,89694
-6688,28,14880,36,105,-44,-2,41,94,89729
-6720,28,14748,5,77,-34,-2,43,95,89764
-6740,40,14768,37,68,-15,-1,43,92,89799
-6784,36,14860,29,78,-41,-2,41,94,89834
-6736,-4,14952,20,55,-73,-3,42,94,89870
-6724,-28,14872,36,60,-85,-1,41,94,89905
-6768,28,14964,46,75,-36,-2,43,92,89939
-6668,40,14872,21,94,-87,-1,41,95,89974
-6708,24,14952,36,73,-57,-2,42,93,90010
-6748,44,14824,16,49,-39,-1,40,93,90045
-6708,36,14904,21,66,-56,-1,42,95,90080
-6784,-4,14888,10,46,-30,0,41,94,90116
-6728,52,14984,0,59,-56,1,44,94,90150
-6744,28,14864,10,93,-45,1,44,94,90185
-6772,-20,14932,9,103,-73,-2,43,93,90220
-6816,32,14888,10,69,-34,-1,42,93,90256
-6800,48,14836,26,76,-37,-1,42,94,90291
-6752,68,14860,35,78,-43,-2,42,94,90326
-6732,8,14872,29,111,-68,-2,41,97,90360
-6716,52,14864,16,73,-74,-2,42,94,90396
-6756,56,15036,35,100,-75,-2,43,94,90431
-6792,52,14896,57,55,-85,-2,42,94,90466
-6788,64,14900,59,58,-39,-1,43,94,90502
-6780,20,14972,45,61,-55,-4,44,95,90536
-6764,16,14848,30,62,-75,-2,42,93,90571
-6644,40,14788,30,48,-70,-3,41,95,90607
-6700,60,14900,28,40,-51,-3,41,95,90642
-6784,44,14836,29,27,-43,-5,42,93,90677
-6712,56,14860,18,54,-87,-3,44,95,90712
-6756,28,14912,13,110,-54,-4,43,94,90747
-6756,28,14848,9,81,-51,-1,41,93,90782
-6728,40,14876,-1,102,-80,-2,42,93,90817
-6752,68,14828,-15,70,-39,-3,42,94,90853
-6792,32,14812,-3,87,-63,-2,40,95,90888
-6720,28,14964,40,120,-93,-2,45,94,90923
-6708,32,14876,-12,55,-78,-2,40,95,90958
-6844,24,14920,8,108,-43,-4,41,95,90993
-6748,32,14844,-44,138,-29,-3,43,96,91028
-6752,-32,14844,15,165,-38,2,41,93,91064
-6792,0,14812,-1,183,-97,-3,42,93,91099
-6768,52,14800,16,138,-62,-2,44,95,91133
-6788,-8,14796,18,76,-72,-1,42,92,91168
-6736,-12,14908,13,73,-70,-2,43,92,91204
-6824,40,14876,8,83,-43,-1,43,95,91239
-6776,-16,14828,74,117,-64,-2,42,92,91274
-6748,0,14912,20,87,-80,-3,42,93,91310
-6772,72,14756,-1,92,-31,-2,42,94,91344
-6724,-8,14824,35,57,-40,-2,43,94,91379
-6776,52,14808,46,63,-74,-3,43,93,91414
-6796,28,14904,-9,10,-82,-2,42,93,91450
-6740,16,14860,15,30,-61,-3,41,93,91485
-6724,-8,14796,21,38,-66,-4,44,92,91520

