ht,it,od digital,od analog,od mid,mx,my,mz,dt,v.x,v.y,p.x,p.y,p.z,mx_max,my_max,mz_max,mx_min,my_min,mz_min,mx_bias,my_bias,mz_bias,head,dhead,headingChange
7,7,0,0,204,-67,24,2,30,0,0,0.31,-0.28,0,7,9,5,-7,-8,-4,-69,14,1,105.95,88.32,-17.62
8,7,1,1,863,-69,21,4,30,0.07,0,0.38,-0.28,0,7,9,5,-7,-8,-4,-69,14,1,90,88.31,-1.69
9,8,1,0,158,-67,20,5,31,0.06,-0.03,0.44,-0.32,0,7,9,5,-7,-8,-4,-69,14,1,116.57,88.11,-28.46
10,9,1,0,194,-65,22,3,30,0.06,-0.04,0.5,-0.35,0,7,9,5,-7,-8,-4,-69,14,1,123.69,87.86,-35.83
10,10,1,1,873,-68,21,4,30,0.07,-0.01,0.57,-0.37,0,7,9,5,-7,-8,-4,-69,14,1,101.31,87.76,-13.55
11,11,0,0,192,-69,21,1,31,0,0,0.57,-0.37,0,7,9,5,-7,-8,-4,-69,14,1,90,87.76,-2.24
12,11,1,1,850,-65,21,5,30,0.06,-0.04,0.62,-0.41,0,7,9,5,-7,-8,-4,-69,14,1,128.66,87.48,-41.18
13,12,1,0,190,-66,23,1,31,0.06,-0.03,0.69,-0.44,0,7,9,5,-7,-8,-4,-69,14,1,113.2,87.29,-25.91
14,13,1,0,189,-68,22,5,30,0.07,-0.01,0.76,-0.45,0,7,9,5,-7,-8,-4,-69,14,1,99.46,87.2,-12.26
14,14,0,1,874,-68,19,3,31,0,0,0.76,-0.45,0,7,9,5,-7,-8,-4,-69,14,1,108.43,87.2,-21.23
15,14,1,0,191,-68,22,2,31,0.07,-0.01,0.83,-0.46,0,7,9,5,-7,-8,-4,-69,14,1,99.46,87.11,-12.35
16,15,1,1,867,-69,21,5,30,0.07,0,0.9,-0.46,0,7,9,5,-7,-8,-4,-69,14,1,90,87.09,-2.91
17,16,1,0,177,-67,19,6,30,0.06,-0.04,0.96,-0.5,0,7,9,5,-7,-8,-4,-69,14,1,123.69,86.82,-36.87
18,17,1,0,195,-68,23,1,31,0.07,-0.01,1.02,-0.51,0,7,9,5,-7,-8,-4,-69,14,1,98.13,86.73,-11.4
18,18,0,1,873,-66,21,3,31,0,0,1.02,-0.51,0,7,9,5,-7,-8,-4,-69,14,1,120.96,86.73,-34.23
19,18,1,0,192,-69,19,2,30,0.07,0,1.1,-0.51,0,7,9,5,-7,-8,-4,-69,14,1,90,86.71,-3.29
20,19,1,1,849,-67,19,4,30,0.06,-0.04,1.15,-0.55,0,7,9,5,-7,-8,-4,-69,14,1,123.69,86.43,-37.26
21,20,1,1,548,-69,21,3,31,0.07,0,1.22,-0.55,0,7,9,5,-7,-8,-4,-69,14,1,90,86.4,-3.6
22,21,1,0,163,-65,22,4,30,0.06,-0.04,1.28,-0.59,0,7,9,5,-7,-8,-4,-69,14,1,123.69,86.12,-37.57
22,22,0,1,875,-68,20,3,31,0,0,1.28,-0.59,0,7,9,5,-7,-8,-4,-69,14,1,104.04,86.12,-17.91
23,22,1,0,192,-67,21,3,31,0.07,-0.03,1.35,-0.62,0,7,9,5,-7,-8,-4,-69,14,1,111.8,85.92,-25.88
24,23,1,1,863,-69,21,4,30,0.07,0,1.42,-0.62,0,7,9,5,-7,-8,-4,-69,14,1,90,85.89,-4.11
25,24,1,1,545,-66,18,6,30,0.05,-0.05,1.47,-0.67,0,7,9,5,-7,-8,-4,-69,14,1,135,85.53,-49.47
26,25,1,0,191,-65,23,2,31,0.06,-0.03,1.53,-0.7,0,7,9,5,-7,-8,-4,-69,14,1,119.74,85.26,-34.48
26,26,0,1,878,-64,22,1,31,0,0,1.53,-0.7,0,7,9,5,-7,-8,-4,-69,14,1,129.81,85.26,-44.54
27,26,1,0,192,-68,22,2,31,0.07,-0.01,1.6,-0.71,0,7,9,5,-7,-8,-4,-69,14,1,99.46,85.15,-14.32
28,27,1,1,865,-69,19,2,29,0.07,0,1.67,-0.71,0,7,9,5,-7,-8,-4,-69,14,1,90,85.1,-4.9
29,28,1,1,493,-68,19,6,31,0.07,-0.02,1.74,-0.74,0,7,9,5,-7,-8,-4,-69,14,1,108.43,84.91,-23.52
30,29,1,0,191,-67,21,0,31,0.07,-0.03,1.8,-0.76,0,7,9,5,-7,-8,-4,-69,14,1,111.8,84.69,-27.11
30,30,0,1,874,-67,21,4,30,0,0,1.8,-0.76,0,7,9,5,-7,-8,-4,-69,14,1,111.8,84.69,-27.11
31,30,1,0,192,-69,21,3,31,0.07,0,1.87,-0.76,0,7,9,5,-7,-8,-4,-69,14,1,90,84.64,-5.36
32,31,1,1,848,-67,19,4,30,0.06,-0.04,1.93,-0.8,0,7,9,5,-7,-8,-4,-69,14,1,123.69,84.33,-39.36
33,32,1,0,193,-67,21,3,30,0.07,-0.03,2,-0.83,0,7,9,5,-7,-8,-4,-69,14,1,111.8,84.1,-27.7
34,33,1,0,191,-68,19,5,31,0.07,-0.02,2.06,-0.85,0,7,9,5,-7,-8,-4,-69,14,1,108.43,83.89,-24.55
34,34,0,1,875,-68,21,5,31,0,0,2.06,-0.85,0,7,9,5,-7,-8,-4,-69,14,1,101.31,83.89,-17.42
35,34,1,0,193,-69,22,2,31,0.07,0,2.14,-0.85,0,7,9,5,-7,-8,-4,-69,14,1,90,83.83,-6.17
36,35,1,1,847,-65,20,3,29,0.05,-0.05,2.18,-0.9,0,7,9,5,-7,-8,-4,-69,14,1,135,83.43,-51.57
37,36,1,0,194,-66,23,1,31,0.06,-0.03,2.25,-0.93,0,7,9,5,-7,-8,-4,-69,14,1,113.2,83.18,-30.02
38,37,1,0,192,-68,22,3,31,0.07,-0.01,2.32,-0.94,0,7,9,5,-7,-8,-4,-69,14,1,99.46,83.03,-16.43
38,38,0,1,876,-67,21,4,31,0,0,2.32,-0.94,0,7,9,5,-7,-8,-4,-69,14,1,111.8,83.03,-28.77
39,38,1,0,193,-70,21,2,29,0.07,0.01,2.39,-0.93,0,7,9,5,-7,-8,-4,-69,14,1,78.69,83.07,4.38
40,39,1,1,859,-67,23,6,31,0.07,-0.02,2.46,-0.94,0,7,9,5,-7,-8,-4,-69,14,1,105.95,82.86,-23.08
41,40,1,0,192,-67,21,2,31,0.07,-0.03,2.52,-0.97,0,7,9,5,-7,-8,-4,-69,14,1,111.8,82.61,-29.2
42,41,1,1,668,-66,21,5,30,0.06,-0.04,2.58,-1.01,0,7,9,5,-7,-8,-4,-69,14,1,120.96,82.27,-38.69
43,42,1,1,753,-69,20,4,31,0.07,0,2.65,-1.01,0,7,9,5,-7,-8,-4,-69,14,1,90,82.2,-7.8
43,43,0,0,191,-68,20,3,30,0,0,2.65,-1.01,0,7,9,5,-7,-8,-4,-69,14,1,104.04,82.2,-21.84
44,43,1,1,876,-67,20,3,31,0.06,-0.03,2.72,-1.04,0,7,9,5,-7,-8,-4,-69,14,1,116.57,81.89,-34.68
45,44,1,0,192,-69,21,3,30,0.07,0,2.79,-1.04,0,7,9,5,-7,-8,-4,-69,14,1,90,81.81,-8.19
46,45,1,1,607,-69,21,4,31,0.07,0,2.86,-1.04,0,7,9,5,-7,-8,-4,-69,14,1,90,81.73,-8.27
47,46,1,1,873,-68,20,2,31,0.07,-0.02,2.93,-1.06,0,7,9,5,-7,-8,-4,-69,14,1,104.04,81.51,-22.52
47,47,0,0,188,-70,19,4,29,0,0,2.93,-1.06,0,7,9,5,-7,-8,-4,-69,14,1,71.57,81.51,9.95
48,47,1,1,857,-66,19,3,31,0.05,-0.05,2.98,-1.11,0,7,9,5,-7,-8,-4,-69,14,1,135,81.06,-53.94
49,48,1,0,190,-67,24,4,31,0.07,-0.02,3.04,-1.12,0,7,9,5,-7,-8,-4,-69,14,1,105.95,80.82,-25.13
50,49,1,0,193,-69,21,5,31,0.07,0,3.11,-1.12,0,7,9,5,-7,-8,-4,-69,14,1,90,80.72,-9.28
51,50,1,1,877,-66,23,2,30,0.06,-0.03,3.18,-1.15,0,7,9,5,-7,-8,-4,-69,14,1,113.2,80.41,-32.79
51,51,0,0,203,-69,20,3,30,0,0,3.18,-1.15,0,7,9,5,-7,-8,-4,-69,14,1,90,80.41,-9.59
52,51,1,1,873,-67,20,4,31,0.06,-0.03,3.24,-1.18,0,7,9,5,-7,-8,-4,-69,14,1,116.57,80.06,-36.5
53,52,1,0,199,-70,21,2,30,0.07,0.01,3.31,-1.17,0,7,9,5,-7,-8,-4,-69,14,1,78.69,80.08,1.39
54,53,1,0,165,-64,19,4,31,0.04,-0.06,3.35,-1.23,0,7,9,5,-7,-8,-4,-69,14,1,149.04,79.52,-69.52
55,54,1,1,875,-69,22,4,31,0.07,0,3.42,-1.23,0,7,9,5,-7,-8,-4,-69,14,1,90,79.41,-10.59
55,55,0,0,201,-69,20,2,31,0,0,3.42,-1.23,0,7,9,5,-7,-8,-4,-69,14,1,90,79.41,-10.59
56,55,1,1,872,-69,19,3,29,0.07,0,3.49,-1.23,0,7,9,5,-7,-8,-4,-69,14,1,90,79.3,-10.7
57,56,1,0,200,-69,20,3,31,0.07,0,3.56,-1.23,0,7,9,5,-7,-8,-4,-69,14,1,90,79.18,-10.82
58,57,1,1,595,-68,19,3,31,0.07,-0.02,3.63,-1.25,0,7,9,5,-7,-8,-4,-69,14,1,108.43,78.88,-29.56
59,58,1,1,870,-69,21,3,29,0.07,0,3.7,-1.25,0,7,9,5,-7,-8,-4,-69,14,1,90,78.76,-11.24
59,59,0,0,194,-70,21,3,31,0,0,3.7,-1.25,0,7,9,5,-7,-8,-4,-69,14,1,78.69,78.76,0.07
60,59,1,1,863,-66,18,5,31,0.05,-0.05,3.75,-1.3,0,7,9,5,-7,-8,-4,-69,14,1,135,78.23,-56.77
61,60,1,0,200,-67,20,3,31,0.06,-0.03,3.81,-1.33,0,7,9,5,-7,-8,-4,-69,14,1,116.57,77.84,-38.73
62,61,1,1,863,-67,22,2,30,0.07,-0.02,3.88,-1.36,0,7,9,5,-7,-8,-4,-69,14,1,108.43,77.51,-30.93
63,62,1,1,557,-68,17,4,31,0.06,-0.03,3.94,-1.39,0,7,9,5,-7,-8,-4,-69,14,1,116.57,77.1,-39.47
64,63,1,0,192,-68,21,2,31,0.07,-0.01,4.01,-1.4,0,7,9,5,-7,-8,-4,-69,14,1,101.31,76.83,-24.48
64,64,0,1,875,-66,21,4,30,0,0,4.01,-1.4,0,7,9,5,-7,-8,-4,-69,14,1,120.96,76.83,-44.13
65,64,1,0,199,-69,21,3,31,0.07,0,4.08,-1.4,0,7,9,5,-7,-8,-4,-69,14,1,90,76.68,-13.32
66,65,1,1,868,-66,21,3,30,0.06,-0.04,4.14,-1.44,0,7,9,5,-7,-8,-4,-69,14,1,120.96,76.21,-44.75
67,66,1,1,574,-66,21,4,31,0.06,-0.04,4.2,-1.47,0,7,9,5,-7,-8,-4,-69,14,1,120.96,75.74,-45.23
68,67,1,0,197,-69,20,4,30,0.07,0,4.27,-1.47,0,7,9,5,-7,-8,-4,-69,14,1,90,75.57,-14.43
68,68,0,1,883,-68,20,5,31,0,0,4.27,-1.47,0,7,9,5,-7,-8,-4,-69,14,1,104.04,75.57,-28.47
69,68,1,0,196,-68,18,2,31,0.07,-0.02,4.34,-1.5,0,7,9,5,-7,-8,-4,-69,14,1,108.43,75.19,-33.24
70,69,1,1,863,-68,21,5,30,0.07,-0.01,4.41,-1.51,0,7,9,5,-7,-8,-4,-69,14,1,101.31,74.89,-26.42
71,70,1,1,557,-69,20,0,31,0.07,0,4.48,-1.51,0,7,9,5,-7,-8,-4,-69,14,1,90,74.7,-15.3
72,71,1,0,198,-69,22,2,31,0.07,0,4.55,-1.51,0,7,9,5,-7,-8,-4,-69,14,1,90,74.51,-15.49
72,72,0,1,878,-67,22,3,30,0,0,4.55,-1.51,0,7,9,5,-7,-8,-4,-69,14,1,108.43,74.51,-33.92
73,72,1,0,198,-67,21,3,30,0.07,-0.03,4.61,-1.54,0,7,9,5,-7,-8,-4,-69,14,1,111.8,74.08,-37.73
74,73,1,1,869,-67,22,3,31,0.07,-0.02,4.68,-1.56,0,7,9,5,-7,-8,-4,-69,14,1,108.43,73.66,-34.77
75,74,1,1,584,-67,22,3,31,0.07,-0.02,4.75,-1.58,0,7,9,5,-7,-8,-4,-69,14,1,108.43,73.24,-35.19
76,75,1,0,200,-69,20,4,30,0.07,0,4.82,-1.58,0,7,9,5,-7,-8,-4,-69,14,1,90,73.03,-16.97
76,76,0,1,881,-67,22,2,31,0,0,4.82,-1.58,0,7,9,5,-7,-8,-4,-69,14,1,108.43,73.03,-35.41
77,76,1,0,200,-71,22,3,30,0.07,0.02,4.88,-1.56,0,7,9,5,-7,-8,-4,-69,14,1,71.57,73.05,1.48
78,77,1,1,856,-65,21,3,31,0.06,-0.04,4.94,-1.6,0,7,9,5,-7,-8,-4,-69,14,1,128.66,72.42,-56.24
79,78,1,0,205,-68,21,2,30,0.07,-0.01,5.01,-1.62,0,7,9,5,-7,-8,-4,-69,14,1,101.31,72.05,-29.26
80,79,1,0,200,-66,20,1,31,0.06,-0.04,5.06,-1.66,0,7,9,5,-7,-8,-4,-69,14,1,126.87,71.41,-55.46
80,80,0,1,874,-69,22,5,31,0,0,5.06,-1.66,0,7,9,5,-7,-8,-4,-69,14,1,90,71.41,-18.59
81,80,1,0,199,-68,18,5,29,0.07,-0.02,5.13,-1.68,0,7,9,5,-7,-8,-4,-69,14,1,108.43,70.94,-37.49
82,81,1,1,866,-68,20,3,31,0.07,-0.02,5.2,-1.7,0,7,9,5,-7,-8,-4,-69,14,1,104.04,70.51,-33.53
83,82,1,0,199,-68,22,3,31,0.07,-0.01,5.27,-1.71,0,7,9,5,-7,-8,-4,-69,14,1,99.46,70.12,-29.34
84,83,1,0,198,-68,22,5,31,0.07,-0.01,5.34,-1.72,0,7,9,5,-7,-8,-4,-69,14,1,99.46,69.72,-29.74
85,84,1,1,877,-67,21,4,30,0.07,-0.03,5.4,-1.75,0,7,9,5,-7,-8,-4,-69,14,1,111.8,69.17,-42.63
85,85,0,0,199,-70,21,2,31,0,0,5.4,-1.75,0,7,9,5,-7,-8,-4,-69,14,1,78.69,69.17,-9.52
86,85,1,1,876,-68,23,1,31,0.07,-0.01,5.47,-1.76,0,7,9,5,-7,-8,-4,-69,14,1,98.13,68.77,-29.36
87,86,1,0,200,-67,20,3,29,0.06,-0.03,5.54,-1.79,0,7,9,5,-7,-8,-4,-69,14,1,116.57,68.15,-48.42
88,87,1,0,200,-69,20,3,31,0.07,0,5.61,-1.79,0,7,9,5,-7,-8,-4,-69,14,1,90,67.83,-22.17
89,88,1,1,880,-68,21,4,31,0.07,-0.01,5.68,-1.8,0,7,9,5,-7,-8,-4,-69,14,1,101.31,67.35,-33.96
89,89,0,0,198,-70,21,4,31,0,0,5.68,-1.8,0,7,9,5,-7,-8,-4,-69,14,1,78.69,67.35,-11.34
90,89,1,1,863,-70,20,4,30,0.07,0.02,5.75,-1.79,0,7,9,5,-7,-8,-4,-69,14,1,75.96,67.22,-8.74
91,90,1,0,197,-71,20,3,30,0.06,0.03,5.81,-1.76,0,7,9,5,-7,-8,-4,-69,14,1,63.43,67.28,3.84
92,91,1,0,276,-68,20,5,31,0.07,-0.02,5.88,-1.77,0,7,9,5,-7,-8,-4,-69,14,1,104.04,66.74,-37.3
93,92,1,1,867,-67,21,1,30,0.07,-0.03,5.94,-1.8,0,7,9,5,-7,-8,-4,-69,14,1,111.8,66.1,-45.71
93,93,0,0,196,-67,23,2,31,0,0,5.94,-1.8,0,7,9,5,-7,-8,-4,-69,14,1,105.95,66.1,-39.85
94,93,1,1,881,-68,20,4,31,0.07,-0.02,6.01,-1.82,0,7,9,5,-7,-8,-4,-69,14,1,104.04,65.53,-38.51
95,94,1,0,194,-70,21,4,31,0.07,0.01,6.08,-1.8,0,7,9,5,-7,-8,-4,-69,14,1,78.69,65.32,-13.37
96,95,1,1,854,-69,19,4,30,0.07,0,6.15,-1.8,0,7,9,5,-7,-8,-4,-69,14,1,90,64.92,-25.08
97,96,1,1,564,-69,20,2,30,0.07,0,6.22,-1.8,0,7,9,5,-7,-8,-4,-69,14,1,90,64.51,-25.49
98,97,1,0,193,-68,21,3,31,0.07,-0.01,6.29,-1.82,0,7,9,5,-7,-8,-4,-69,14,1,101.31,63.92,-37.39
98,98,0,1,879,-70,22,4,30,0,0,6.29,-1.82,0,7,9,5,-7,-8,-4,-69,14,1,80.54,63.92,-16.61
99,98,1,0,192,-67,21,3,31,0.07,-0.03,6.36,-1.84,0,7,9,5,-7,-8,-4,-69,14,1,111.8,63.19,-48.61
100,99,1,1,865,-69,20,2,31,0.07,0,6.43,-1.84,0,7,9,5,-7,-8,-4,-69,14,1,90,62.74,-27.26
101,100,1,0,192,-68,22,2,31,0.07,-0.01,6.5,-1.85,0,7,9,5,-7,-8,-4,-69,14,1,99.46,62.13,-37.34
102,101,1,0,191,-68,21,3,29,0.07,-0.01,6.57,-1.87,0,7,9,5,-7,-8,-4,-69,14,1,101.31,61.47,-39.84
102,102,0,1,873,-69,22,3,31,0,0,6.57,-1.87,0,7,9,5,-7,-8,-4,-69,14,1,90,61.47,-28.53
103,102,1,0,192,-68,21,5,31,0.07,-0.01,6.63,-1.88,0,7,9,5,-7,-8,-4,-69,14,1,101.31,60.8,-40.51
104,103,1,1,871,-70,20,5,30,0.07,0.02,6.7,-1.86,0,7,9,5,-7,-8,-4,-69,14,1,75.96,60.52,-15.44
105,104,1,0,190,-67,20,2,31,0.06,-0.03,6.77,-1.9,0,7,9,5,-7,-8,-4,-69,14,1,116.57,59.63,-56.94
106,105,1,1,411,-69,21,5,31,0.07,0,6.84,-1.9,0,7,9,5,-7,-8,-4,-69,14,1,90,59.07,-30.93
107,106,1,1,889,-69,20,2,31,0.07,0,6.91,-1.9,0,7,9,5,-7,-8,-4,-69,14,1,90,58.5,-31.5
107,107,0,0,216,-71,19,3,29,0,0,6.91,-1.9,0,7,9,5,-7,-8,-4,-69,14,1,56.31,58.5,2.19
108,107,1,1,855,-67,19,4,31,0.06,-0.04,6.97,-1.93,0,7,9,5,-7,-8,-4,-69,14,1,123.69,57.48,-66.21
109,108,1,0,197,-69,20,2,31,0.07,0,7.04,-1.93,0,7,9,5,-7,-8,-4,-69,14,1,90,56.87,-33.13
110,109,1,1,404,-65,20,1,31,0.05,-0.05,7.09,-1.98,0,7,9,5,-7,-8,-4,-69,14,1,135,55.75,-79.25
111,110,1,1,872,-70,19,4,30,0.07,0.02,7.15,-1.96,0,7,9,5,-7,-8,-4,-69,14,1,71.57,55.43,-16.14
111,111,0,0,195,-68,19,4,31,0,0,7.15,-1.96,0,7,9,5,-7,-8,-4,-69,14,1,108.43,55.43,-53.01
112,111,1,1,878,-71,19,2,31,0.06,0.04,7.21,-1.92,0,7,9,5,-7,-8,-4,-69,14,1,56.31,55.41,-0.9
113,112,1,0,158,-68,20,3,30,0.07,-0.02,7.28,-1.94,0,7,9,5,-7,-8,-4,-69,14,1,104.04,54.5,-49.53
114,113,1,1,843,-71,21,4,30,0.07,0.03,7.35,-1.91,0,7,9,5,-7,-8,-4,-69,14,1,68.2,54.21,-13.99
115,114,1,1,592,-66,20,3,31,0.06,-0.04,7.4,-1.96,0,7,9,5,-7,-8,-4,-69,14,1,126.87,53.02,-73.85
115,115,1,0,191,-69,19,5,31,0.07,0,7.47,-1.96,0,7,9,5,-7,-8,-4,-69,14,1,90,52.26,-37.74
116,116,0,1,877,-68,20,3,30,0,0,7.47,-1.96,0,7,9,5,-7,-8,-4,-69,14,1,104.04,52.26,-51.77
117,116,1,0,190,-68,21,1,31,0.07,-0.01,7.54,-1.97,0,7,9,5,-7,-8,-4,-69,14,1,101.31,51.29,-50.02
118,117,1,1,867,-68,20,3,31,0.07,-0.02,7.61,-1.99,0,7,9,5,-7,-8,-4,-69,14,1,104.04,50.26,-53.78
119,118,1,1,515,-69,19,3,30,0.07,0,7.68,-1.99,0,7,9,5,-7,-8,-4,-69,14,1,90,49.41,-40.59
120,119,1,0,190,-70,21,2,31,0.07,0.01,7.75,-1.97,0,7,9,5,-7,-8,-4,-69,14,1,78.69,48.75,-29.94
120,120,0,1,875,-68,21,6,30,0,0,7.75,-1.97,0,7,9,5,-7,-8,-4,-69,14,1,101.31,48.75,-52.56
121,120,1,0,188,-70,19,3,31,0.07,0.02,7.82,-1.95,0,7,9,5,-7,-8,-4,-69,14,1,71.57,48.22,-23.35
122,121,1,1,873,-69,20,1,30,0.07,0,7.89,-1.95,0,7,9,5,-7,-8,-4,-69,14,1,90,47.28,-42.72
123,122,1,0,187,-67,19,3,31,0.06,-0.04,7.95,-1.99,0,7,9,5,-7,-8,-4,-69,14,1,123.69,45.91,-77.78
124,123,1,1,420,-70,19,3,31,0.07,0.02,8.01,-1.97,0,7,9,5,-7,-8,-4,-69,14,1,71.57,45.28,-26.28
125,124,1,1,732,-71,22,4,30,0.07,0.02,8.08,-1.95,0,7,9,5,-7,-8,-4,-69,14,1,71.57,44.63,-26.94
125,125,0,0,188,-69,20,1,31,0,0,8.08,-1.95,0,7,9,5,-7,-8,-4,-69,14,1,90,44.63,-45.37
126,125,1,1,882,-67,21,2,30,0.07,-0.03,8.15,-1.97,0,7,9,5,-7,-8,-4,-69,14,1,111.8,43.25,-68.55
127,126,1,0,187,-67,20,3,31,0.06,-0.03,8.21,-2,0,7,9,5,-7,-8,-4,-69,14,1,116.57,41.81,-74.75
128,127,1,1,865,-68,23,3,30,0.07,-0.01,8.28,-2.01,0,7,9,5,-7,-8,-4,-69,14,1,98.13,40.54,-57.59
129,128,1,0,211,-71,21,5,31,0.07,0.03,8.34,-1.99,0,7,9,5,-7,-8,-4,-69,14,1,68.2,39.82,-28.38
130,129,1,0,192,-69,20,2,31,0.07,0,8.41,-1.99,0,7,9,5,-7,-8,-4,-69,14,1,90,38.6,-51.4
130,130,0,1,875,-69,19,3,30,0,0,8.41,-1.99,0,7,9,5,-7,-8,-4,-69,14,1,90,38.6,-51.4
131,130,1,0,193,-70,20,3,30,0.07,0.02,8.48,-1.97,0,7,9,5,-7,-8,-4,-69,14,1,75.96,37.61,-38.35
132,131,1,1,874,-68,20,2,31,0.07,-0.02,8.55,-1.99,0,7,9,5,-7,-8,-4,-69,14,1,104.04,36.1,-67.93
133,132,1,0,192,-70,20,4,31,0.07,0.02,8.62,-1.97,0,7,9,5,-7,-8,-4,-69,14,1,75.96,35.03,-40.94
134,133,1,0,197,-69,20,1,30,0.07,0,8.69,-1.97,0,7,9,5,-7,-8,-4,-69,14,1,90,33.63,-56.37
135,134,1,1,880,-70,20,2,31,0.07,0.02,8.76,-1.95,0,7,9,5,-7,-8,-4,-69,14,1,75.96,32.45,-43.51
135,135,0,0,194,-71,20,3,31,0,0,8.76,-1.95,0,7,9,5,-7,-8,-4,-69,14,1,63.43,32.45,-30.98
136,135,1,1,872,-68,20,3,30,0.07,-0.02,8.83,-1.97,0,7,9,5,-7,-8,-4,-69,14,1,104.04,30.78,-73.26
137,136,1,0,198,-69,20,4,30,0.07,0,8.9,-1.97,0,7,9,5,-7,-8,-4,-69,14,1,90,29.24,-60.76
138,137,1,1,772,-69,19,4,31,0.07,0,8.97,-1.97,0,7,9,5,-7,-8,-4,-69,14,1,90,27.66,-62.34
139,138,1,1,758,-68,21,1,31,0.07,-0.01,9.04,-1.98,0,7,9,5,-7,-8,-4,-69,14,1,101.31,25.9,-75.41
139,139,0,0,202,-69,19,2,30,0,0,9.04,-1.98,0,7,9,5,-7,-8,-4,-69,14,1,90,25.9,-64.1
140,139,1,1,875,-70,20,4,31,0.07,0.02,9.11,-1.97,0,7,9,5,-7,-8,-4,-69,14,1,75.96,24.46,-51.5
141,140,1,0,201,-69,20,4,30,0.07,0,9.18,-1.97,0,7,9,5,-7,-8,-4,-69,14,1,90,22.74,-67.26
142,141,1,1,861,-69,21,3,30,0.07,0,9.25,-1.97,0,7,9,5,-7,-8,-4,-69,14,1,90,20.97,-69.03
143,142,1,1,576,-69,21,0,31,0.07,0,9.32,-1.97,0,7,9,5,-7,-8,-4,-69,14,1,90,19.16,-70.84
144,143,1,0,199,-68,21,4,31,0.07,-0.01,9.39,-1.98,0,7,9,5,-7,-8,-4,-69,14,1,101.31,17.22,-84.09
144,144,0,1,879,-69,21,2,31,0,0,9.39,-1.98,0,7,9,5,-7,-8,-4,-69,14,1,90,17.22,-72.78
145,144,1,0,197,-71,20,3,29,0.06,0.03,9.45,-1.95,0,7,9,5,-7,-8,-4,-69,14,1,63.43,15.78,-47.65
146,145,1,1,868,-70,20,4,31,0.07,0.02,9.52,-1.93,0,7,9,5,-7,-8,-4,-69,14,1,75.96,14.02,-61.94
147,146,1,0,196,-69,21,3,31,0.07,0,9.59,-1.93,0,7,9,5,-7,-8,-4,-69,14,1,90,12.04,-77.96
148,147,1,0,195,-70,18,4,30,0.07,0.02,9.65,-1.91,0,7,9,5,-7,-8,-4,-69,14,1,71.57,10.24,-61.32
149,148,1,1,882,-70,21,3,31,0.07,0.01,9.72,-1.9,0,7,9,5,-7,-8,-4,-69,14,1,78.69,8.28,-70.41
149,149,0,0,194,-69,22,3,31,0,0,9.72,-1.9,0,7,9,5,-7,-8,-4,-69,14,1,90,8.28,-81.72
150,149,1,1,876,-69,19,3,30,0.07,0,9.79,-1.9,0,7,9,5,-7,-8,-4,-69,14,1,90,6.18,-83.82
151,150,1,0,194,-69,22,3,30,0.07,0,9.87,-1.9,0,7,9,5,-7,-8,-4,-69,14,1,90,4.07,-85.93
152,151,1,1,843,-70,22,3,31,0.07,0.01,9.93,-1.88,0,7,9,5,-7,-8,-4,-69,14,1,80.54,1.98,-78.55
153,152,1,1,575,-71,21,1,31,0.07,0.03,10,-1.86,0,7,9,5,-7,-8,-4,-69,14,1,68.2,360,-68.2
154,153,1,0,198,-69,20,3,30,0.07,0,10.07,-1.86,0,7,9,5,-7,-8,-4,-69,14,1,90,359.66,-90.34
154,154,0,1,881,-71,19,4,31,0,0,10.07,-1.86,0,7,9,5,-7,-8,-4,-69,14,1,56.31,359.66,-56.65
155,154,1,0,196,-70,22,2,31,0.07,0.01,10.14,-1.85,0,7,9,5,-7,-8,-4,-69,14,1,80.54,359.32,-81.22
156,155,1,1,867,-70,21,3,31,0.07,0.01,10.21,-1.83,0,7,9,5,-7,-8,-4,-69,14,1,78.69,358.99,-79.7
157,156,1,0,195,-67,22,1,30,0.07,-0.02,10.28,-1.85,0,7,9,5,-7,-8,-4,-69,14,1,108.43,358.66,-109.77
158,157,1,0,197,-68,19,3,31,0.07,-0.02,10.34,-1.88,0,7,9,5,-7,-8,-4,-69,14,1,108.43,358.34,-110.09
159,158,1,1,857,-70,19,3,31,0.07,0.02,10.41,-1.85,0,7,9,5,-7,-8,-4,-69,14,1,71.57,358.02,-73.55
159,159,0,0,209,-69,21,4,31,0,0,10.41,-1.85,0,7,9,5,-7,-8,-4,-69,14,1,90,358.02,-91.98
160,159,1,1,882,-69,19,3,30,0.07,0,10.48,-1.85,0,7,9,5,-7,-8,-4,-69,14,1,90,357.68,-92.32
161,160,1,0,200,-68,21,3,31,0.07,-0.01,10.55,-1.87,0,7,9,5,-7,-8,-4,-69,14,1,101.31,357.35,-103.96
162,161,1,1,853,-68,19,1,31,0.07,-0.02,10.62,-1.89,0,7,9,5,-7,-8,-4,-69,14,1,108.43,357.03,-111.4
163,162,1,1,591,-69,20,3,30,0.07,0,10.69,-1.89,0,7,9,5,-7,-8,-4,-69,14,1,90,356.69,-93.31
164,163,1,0,197,-70,21,3,31,0.07,0.01,10.76,-1.88,0,7,9,5,-7,-8,-4,-69,14,1,78.69,356.36,-82.33
164,164,0,1,875,-69,19,1,31,0,0,10.76,-1.88,0,7,9,5,-7,-8,-4,-69,14,1,90,356.36,-93.64
165,164,1,0,196,-70,21,3,31,0.07,0.01,10.83,-1.86,0,7,9,5,-7,-8,-4,-69,14,1,78.69,356.02,-82.67
166,165,1,1,857,-69,22,3,30,0.07,0,10.9,-1.86,0,7,9,5,-7,-8,-4,-69,14,1,90,355.68,-94.32
167,166,1,0,201,-71,22,2,31,0.07,0.02,10.96,-1.84,0,7,9,5,-7,-8,-4,-69,14,1,71.57,355.35,-76.22
168,167,1,0,203,-69,20,4,31,0.07,0,11.03,-1.84,0,7,9,5,-7,-8,-4,-69,14,1,90,355.01,-94.99
168,168,0,1,875,-68,22,4,30,0,0,11.03,-1.84,0,7,9,5,-7,-8,-4,-69,14,1,99.46,355.01,-104.45
169,168,1,0,199,-70,21,5,31,0.07,0.01,11.1,-1.83,0,7,9,5,-7,-8,-4,-69,14,1,78.69,354.67,-84.02
170,169,1,1,879,-70,21,2,31,0.07,0.01,11.17,-1.81,0,7,9,5,-7,-8,-4,-69,14,1,78.69,354.33,-84.36
171,170,1,0,197,-70,20,4,31,0.07,0.02,11.24,-1.8,0,7,9,5,-7,-8,-4,-69,14,1,75.96,354,-81.97
172,171,1,0,201,-69,21,3,30,0.07,0,11.31,-1.8,0,7,9,5,-7,-8,-4,-69,14,1,90,353.66,-96.34
173,172,1,1,881,-69,21,3,31,0.07,0,11.38,-1.8,0,7,9,5,-7,-8,-4,-69,14,1,90,353.32,-96.68
173,173,0,0,208,-68,20,4,31,0,0,11.38,-1.8,0,7,9,5,-7,-8,-4,-69,14,1,104.04,353.32,-110.72
174,173,1,1,881,-66,21,2,30,0.06,-0.04,11.44,-1.83,0,7,9,5,-7,-8,-4,-69,14,1,120.96,353.05,-127.91
175,174,1,0,208,-69,20,2,31,0.07,0,11.51,-1.83,0,7,9,5,-7,-8,-4,-69,14,1,90,352.72,-97.28
176,175,1,1,864,-68,20,3,31,0.07,-0.02,11.58,-1.85,0,7,9,5,-7,-8,-4,-69,14,1,104.04,352.4,-111.64
177,176,1,1,607,-68,19,2,31,0.07,-0.02,11.65,-1.87,0,7,9,5,-7,-8,-4,-69,14,1,108.43,352.1,-116.34
178,177,1,0,206,-70,20,3,30,0.07,0.02,11.72,-1.85,0,7,9,5,-7,-8,-4,-69,14,1,75.96,351.76,-84.2
178,178,0,1,883,-68,20,3,31,0,0,11.72,-1.85,0,7,9,5,-7,-8,-4,-69,14,1,104.04,351.76,-112.27
179,178,1,0,206,-70,21,3,31,0.07,0.01,11.79,-1.84,0,7,9,5,-7,-8,-4,-69,14,1,78.69,351.43,-87.26
180,179,1,1,879,-69,23,1,31,0.07,0,11.86,-1.84,0,7,9,5,-7,-8,-4,-69,14,1,90,351.09,-98.91
181,180,1,0,205,-71,20,3,30,0.06,0.03,11.92,-1.81,0,7,9,5,-7,-8,-4,-69,14,1,63.43,350.77,-72.66
182,181,1,1,586,-71,20,4,31,0.06,0.03,11.98,-1.78,0,7,9,5,-7,-8,-4,-69,14,1,63.43,350.45,-72.99
183,182,1,1,852,-69,20,2,31,0.07,0,12.05,-1.78,0,7,9,5,-7,-8,-4,-69,14,1,90,350.11,-99.89
183,183,0,0,205,-69,21,2,30,0,0,12.05,-1.78,0,7,9,5,-7,-8,-4,-69,14,1,90,350.11,-99.89
184,183,1,1,884,-70,20,3,31,0.07,0.02,12.12,-1.76,0,7,9,5,-7,-8,-4,-69,14,1,75.96,349.78,-86.19
185,184,1,0,203,-69,19,4,31,0.07,0,12.19,-1.76,0,7,9,5,-7,-8,-4,-69,14,1,90,349.44,-100.56
186,185,1,1,873,-69,20,5,31,0.07,0,12.26,-1.76,0,7,9,5,-7,-8,-4,-69,14,1,90,349.11,-100.89
187,186,1,1,542,-69,19,5,30,0.07,0,12.33,-1.76,0,7,9,5,-7,-8,-4,-69,14,1,90,348.78,-101.22
188,187,1,0,202,-70,21,3,31,0.07,0.01,12.4,-1.75,0,7,9,5,-7,-8,-4,-69,14,1,78.69,348.44,-90.25
188,188,0,1,878,-69,20,3,31,0,0,12.4,-1.75,0,7,9,5,-7,-8,-4,-69,14,1,90,348.44,-101.56
189,188,1,0,203,-69,22,2,30,0.07,0,12.47,-1.75,0,7,9,5,-7,-8,-4,-69,14,1,90,348.11,-101.89
190,189,1,1,877,-69,20,3,31,0.07,0,12.54,-1.75,0,7,9,5,-7,-8,-4,-69,14,1,90,347.79,-102.21
191,190,1,0,200,-69,23,1,31,0.07,0,12.61,-1.75,0,7,9,5,-7,-8,-4,-69,14,1,90,347.46,-102.54
192,191,1,1,629,-69,23,3,31,0.07,0,12.68,-1.75,0,7,9,5,-7,-8,-4,-69,14,1,90,347.13,-102.87
193,192,1,1,721,-68,21,2,30,0.07,-0.01,12.75,-1.76,0,7,9,5,-7,-8,-4,-69,14,1,101.31,346.82,-114.49
193,193,0,0,199,-69,22,1,31,0,0,12.75,-1.76,0,7,9,5,-7,-8,-4,-69,14,1,90,346.82,-103.18
194,193,1,1,875,-70,18,4,31,0.07,0.02,12.82,-1.74,0,7,9,5,-7,-8,-4,-69,14,1,71.57,346.49,-85.07
195,194,1,0,197,-70,19,3,30,0.07,0.02,12.89,-1.72,0,7,9,5,-7,-8,-4,-69,14,1,71.57,346.16,-85.41
196,195,1,1,869,-69,21,2,31,0.07,0,12.96,-1.72,0,7,9,5,-7,-8,-4,-69,14,1,90,345.83,-104.17
197,196,1,1,492,-69,22,3,31,0.07,0,13.03,-1.72,0,7,9,5,-7,-8,-4,-69,14,1,90,345.51,-104.49
198,197,1,0,196,-69,20,4,31,0.07,0,13.1,-1.72,0,7,9,5,-7,-8,-4,-69,14,1,90,345.19,-104.81
198,198,0,1,875,-71,21,4,30,0,0,13.1,-1.72,0,7,9,5,-7,-8,-4,-69,14,1,68.2,345.19,-83.01
199,198,1,0,217,-70,21,3,31,0.07,0.01,13.17,-1.7,0,7,9,5,-7,-8,-4,-69,14,1,78.69,344.85,-93.84
200,199,1,1,876,-70,21,2,31,0.07,0.01,13.24,-1.69,0,7,9,5,-7,-8,-4,-69,14,1,78.69,344.52,-94.17
201,200,1,0,202,-71,21,2,31,0.07,0.03,13.3,-1.66,0,7,9,5,-7,-8,-4,-69,14,1,68.2,344.19,-84.01
202,201,1,0,203,-69,20,3,30,0.07,0,13.37,-1.66,0,7,9,5,-7,-8,-4,-69,14,1,90,343.87,-106.13
203,202,1,1,878,-70,20,4,31,0.07,0.02,13.44,-1.65,0,7,9,5,-7,-8,-4,-69,14,1,75.96,343.54,-92.43
203,203,0,0,200,-70,20,3,31,0,0,13.44,-1.65,0,7,9,5,-7,-8,-4,-69,14,1,75.96,343.54,-92.43
204,203,1,1,883,-70,22,5,30,0.07,0.01,13.51,-1.63,0,7,9,5,-7,-8,-4,-69,14,1,80.54,343.21,-97.33
205,204,1,0,199,-71,19,1,31,0.06,0.04,13.57,-1.59,0,7,9,5,-7,-8,-4,-69,14,1,56.31,342.89,-73.42
206,205,1,1,870,-69,21,2,31,0.07,0,13.64,-1.59,0,7,9,5,-7,-8,-4,-69,14,1,90,342.57,-107.43
207,206,1,0,200,-71,20,2,31,0.06,0.03,13.7,-1.56,0,7,9,5,-7,-8,-4,-69,14,1,63.43,342.24,-81.19
208,207,1,0,198,-67,20,3,30,0.06,-0.03,13.77,-1.59,0,7,9,5,-7,-8,-4,-69,14,1,116.57,342,-134.56
209,208,1,1,881,-71,20,3,31,0.06,0.03,13.83,-1.56,0,7,9,5,-7,-8,-4,-69,14,1,63.43,341.68,-81.76
209,209,0,0,199,-70,21,3,31,0,0,13.83,-1.56,0,7,9,5,-7,-8,-4,-69,14,1,78.69,341.68,-97.01
210,209,1,1,878,-70,20,5,30,0.07,0.02,13.9,-1.55,0,7,9,5,-7,-8,-4,-69,14,1,75.96,341.35,-94.62
211,210,1,0,197,-70,19,1,31,0.07,0.02,13.96,-1.52,0,7,9,5,-7,-8,-4,-69,14,1,71.57,341.01,-90.55
212,211,1,1,868,-70,20,2,31,0.07,0.02,14.03,-1.51,0,7,9,5,-7,-8,-4,-69,14,1,75.96,340.68,-95.28
213,212,1,1,588,-68,21,1,31,0.07,-0.01,14.1,-1.52,0,7,9,5,-7,-8,-4,-69,14,1,101.31,340.4,-120.91
214,213,1,0,197,-70,18,3,30,0.07,0.02,14.17,-1.5,0,7,9,5,-7,-8,-4,-69,14,1,71.57,340.07,-91.5
214,214,0,1,868,-69,21,1,31,0,0,14.17,-1.5,0,7,9,5,-7,-8,-4,-69,14,1,90,340.07,-109.93
215,214,1,0,205,-70,21,3,31,0.07,0.01,14.24,-1.48,0,7,9,5,-7,-8,-4,-69,14,1,78.69,339.74,-98.95
216,215,1,1,877,-68,21,3,30,0.07,-0.01,14.31,-1.5,0,7,9,5,-7,-8,-4,-69,14,1,101.31,339.46,-121.85
217,216,1,0,199,-69,22,3,31,0.07,0,14.38,-1.5,0,7,9,5,-7,-8,-4,-69,14,1,90,339.16,-110.84
218,217,1,1,529,-69,19,4,31,0.07,0,14.45,-1.5,0,7,9,5,-7,-8,-4,-69,14,1,90,338.85,-111.15
219,218,1,1,799,-68,21,3,31,0.07,-0.01,14.52,-1.51,0,7,9,5,-7,-8,-4,-69,14,1,101.31,338.57,-122.74
219,219,0,0,197,-67,20,4,30,0,0,14.52,-1.51,0,7,9,5,-7,-8,-4,-69,14,1,116.57,338.57,-137.99
220,219,1,1,879,-69,18,3,31,0.07,0,14.59,-1.51,0,7,9,5,-7,-8,-4,-69,14,1,90,338.27,-111.73
221,220,1,0,202,-68,20,2,31,0.07,-0.02,14.66,-1.53,0,7,9,5,-7,-8,-4,-69,14,1,104.04,338.01,-126.03
222,221,1,1,857,-70,19,3,31,0.07,0.02,14.72,-1.51,0,7,9,5,-7,-8,-4,-69,14,1,71.57,337.68,-93.88
223,222,1,1,506,-70,20,4,30,0.07,0.02,14.79,-1.49,0,7,9,5,-7,-8,-4,-69,14,1,75.96,337.36,-98.6
224,223,1,0,193,-69,19,3,31,0.07,0,14.86,-1.49,0,7,9,5,-7,-8,-4,-69,14,1,90,337.06,-112.94
224,224,0,1,878,-69,22,3,31,0,0,14.86,-1.49,0,7,9,5,-7,-8,-4,-69,14,1,90,337.06,-112.94
225,224,1,0,193,-68,21,4,30,0.07,-0.01,14.93,-1.5,0,7,9,5,-7,-8,-4,-69,14,1,101.31,336.79,-124.52
226,225,1,1,874,-69,20,3,31,0.07,0,15,-1.5,0,7,9,5,-7,-8,-4,-69,14,1,90,336.5,-113.5
227,226,1,0,193,-71,22,3,31,0.07,0.02,15.07,-1.48,0,7,9,5,-7,-8,-4,-69,14,1,71.57,336.18,-95.39
228,227,1,1,658,-68,19,3,31,0.07,-0.02,15.14,-1.5,0,7,9,5,-7,-8,-4,-69,14,1,108.43,335.94,-132.49
229,228,1,1,692,-68,21,4,30,0.07,-0.01,15.21,-1.52,0,7,9,5,-7,-8,-4,-69,14,1,101.31,335.68,-125.63
229,229,0,0,193,-69,21,3,31,0,0,15.21,-1.52,0,7,9,5,-7,-8,-4,-69,14,1,90,335.68,-114.32
230,229,1,1,879,-69,21,2,31,0.07,0,15.28,-1.52,0,7,9,5,-7,-8,-4,-69,14,1,90,335.39,-114.61
231,230,1,0,193,-71,21,2,30,0.07,0.03,15.34,-1.49,0,7,9,5,-7,-8,-4,-69,14,1,68.2,335.07,-93.13
232,231,1,1,866,-68,22,3,31,0.07,-0.01,15.41,-1.5,0,7,9,5,-7,-8,-4,-69,14,1,99.46,334.81,-124.65
233,232,1,0,194,-69,20,4,31,0.07,0,15.48,-1.5,0,7,9,5,-7,-8,-4,-69,14,1,90,334.52,-115.48
234,233,1,0,193,-70,23,3,31,0.07,0.01,15.55,-1.49,0,7,9,5,-7,-8,-4,-69,14,1,81.87,334.22,-107.65
235,234,1,1,879,-69,22,1,30,0.07,0,15.62,-1.49,0,7,9,5,-7,-8,-4,-69,14,1,90,333.93,-116.07
235,235,0,0,198,-70,21,2,31,0,0,15.62,-1.49,0,7,9,5,-7,-8,-4,-69,14,1,78.69,333.93,-104.76
236,235,1,1,879,-71,21,3,31,0.07,0.03,15.69,-1.47,0,7,9,5,-7,-8,-4,-69,14,1,68.2,333.62,-94.58
237,236,1,0,191,-70,20,4,30,0.07,0.02,15.76,-1.45,0,7,9,5,-7,-8,-4,-69,14,1,75.96,333.31,-102.65
238,237,1,1,871,-68,20,2,31,0.07,-0.02,15.82,-1.47,0,7,9,5,-7,-8,-4,-69,14,1,104.04,333.07,-130.96
239,238,1,1,536,-70,21,2,31,0.07,0.01,15.89,-1.45,0,7,9,5,-7,-8,-4,-69,14,1,78.69,332.77,-105.92
240,239,1,0,202,-69,21,3,31,0.07,0,15.96,-1.45,0,7,9,5,-7,-8,-4,-69,14,1,90,332.49,-117.51
240,240,0,1,876,-71,21,4,30,0,0,15.96,-1.45,0,7,9,5,-7,-8,-4,-69,14,1,68.2,332.49,-95.71
241,240,1,0,197,-71,21,4,31,0.07,0.03,16.03,-1.43,0,7,9,5,-7,-8,-4,-69,14,1,68.2,332.18,-96.02
242,241,1,1,872,-70,20,2,31,0.07,0.02,16.1,-1.41,0,7,9,5,-7,-8,-4,-69,14,1,75.96,331.88,-104.09
243,242,1,0,196,-72,21,4,31,0.06,0.04,16.16,-1.37,0,7,9,5,-7,-8,-4,-69,14,1,59.04,331.57,-87.47
244,243,1,1,750,-70,19,1,30,0.07,0.02,16.22,-1.35,0,7,9,5,-7,-8,-4,-69,14,1,71.57,331.26,-100.31
245,244,1,1,620,-70,20,3,31,0.07,0.02,16.29,-1.33,0,7,9,5,-7,-8,-4,-69,14,1,75.96,330.96,-105.01
245,245,0,0,190,-70,18,3,31,0,0,16.29,-1.33,0,7,9,5,-7,-8,-4,-69,14,1,71.57,330.96,-100.61
246,245,1,1,878,-70,21,3,30,0.07,0.01,16.36,-1.32,0,7,9,5,-7,-8,-4,-69,14,1,78.69,330.66,-108.03
247,246,1,0,188,-69,22,5,31,0.07,0,16.43,-1.32,0,7,9,5,-7,-8,-4,-69,14,1,90,330.39,-119.61
248,247,1,1,856,-70,23,3,31,0.07,0.01,16.5,-1.31,0,7,9,5,-7,-8,-4,-69,14,1,81.87,330.1,-111.77
249,248,1,0,192,-69,20,4,31,0.07,0,16.57,-1.31,0,7,9,5,-7,-8,-4,-69,14,1,90,329.83,-120.17
250,249,1,0,188,-71,20,4,30,0.06,0.03,16.64,-1.28,0,7,9,5,-7,-8,-4,-69,14,1,63.43,329.53,-93.91
250,250,0,1,877,-72,19,5,31,0,0,16.64,-1.28,0,7,9,5,-7,-8,-4,-69,14,1,45,329.53,-75.47
251,250,1,0,192,-70,23,3,31,0.07,0.01,16.71,-1.27,0,7,9,5,-7,-8,-4,-69,14,1,81.87,329.24,-112.63
252,251,1,1,878,-70,21,3,30,0.07,0.01,16.78,-1.25,0,7,9,5,-7,-8,-4,-69,14,1,78.69,328.95,-109.74
253,252,1,0,188,-71,22,4,31,0.07,0.02,16.84,-1.23,0,7,9,5,-7,-8,-4,-69,14,1,71.57,328.65,-102.91
254,253,1,1,858,-70,20,4,31,0.07,0.02,16.91,-1.21,0,7,9,5,-7,-8,-4,-69,14,1,75.96,328.36,-107.61
255,254,1,1,561,-70,19,4,31,0.07,0.02,16.98,-1.19,0,7,9,5,-7,-8,-4,-69,14,1,71.57,328.06,-103.51
256,255,1,0,187,-68,21,3,30,0.07,-0.01,17.05,-1.21,0,7,9,5,-7,-8,-4,-69,14,1,101.31,327.84,-133.47
256,256,0,1,873,-68,22,3,31,0,0,17.05,-1.21,0,7,9,5,-7,-8,-4,-69,14,1,99.46,327.84,-131.62
257,256,1,0,187,-70,21,2,31,0.07,0.01,17.12,-1.19,0,7,9,5,-7,-8,-4,-69,14,1,78.69,327.55,-111.14
258,257,1,1,872,-71,23,2,30,0.07,0.02,17.18,-1.17,0,7,9,5,-7,-8,-4,-69,14,1,74.05,327.26,-106.79
259,258,1,0,187,-70,22,3,31,0.07,0.01,17.25,-1.16,0,7,9,5,-7,-8,-4,-69,14,1,80.54,326.98,-113.56
260,259,1,1,824,-68,20,3,31,0.07,-0.02,17.32,-1.18,0,7,9,5,-7,-8,-4,-69,14,1,104.04,326.78,-137.26
261,260,1,1,594,-71,20,4,31,0.06,0.03,17.38,-1.15,0,7,9,5,-7,-8,-4,-69,14,1,63.43,326.48,-96.96
261,261,0,0,186,-68,19,4,30,0,0,17.38,-1.15,0,7,9,5,-7,-8,-4,-69,14,1,108.43,326.48,-141.96
262,261,1,1,879,-69,20,3,31,0.07,0,17.46,-1.15,0,7,9,5,-7,-8,-4,-69,14,1,90,326.22,-123.78
263,262,1,0,184,-69,20,3,31,0.07,0,17.53,-1.15,0,7,9,5,-7,-8,-4,-69,14,1,90,325.98,-124.02
264,263,1,1,866,-68,20,1,31,0.07,-0.02,17.59,-1.16,0,7,9,5,-7,-8,-4,-69,14,1,104.04,325.78,-138.26
265,264,1,0,184,-71,22,2,30,0.07,0.02,17.66,-1.14,0,7,9,5,-7,-8,-4,-69,14,1,71.57,325.49,-106.08
266,265,1,0,205,-70,21,3,31,0.07,0.01,17.73,-1.13,0,7,9,5,-7,-8,-4,-69,14,1,78.69,325.21,-113.48
267,266,1,1,824,-69,20,5,31,0.07,0,17.8,-1.13,0,7,9,5,-7,-8,-4,-69,14,1,90,324.97,-125.03
267,267,0,0,192,-71,20,2,30,0,0,17.8,-1.13,0,7,9,5,-7,-8,-4,-69,14,1,63.43,324.97,-98.47
268,267,1,1,882,-69,20,2,31,0.07,0,17.87,-1.13,0,7,9,5,-7,-8,-4,-69,14,1,90,324.73,-125.27
269,268,1,0,181,-71,21,3,31,0.07,0.03,17.94,-1.1,0,7,9,5,-7,-8,-4,-69,14,1,68.2,324.44,-103.76
270,269,1,1,858,-70,22,4,31,0.07,0.01,18.01,-1.09,0,7,9,5,-7,-8,-4,-69,14,1,80.54,324.17,-116.36
271,270,1,0,175,-71,20,4,30,0.06,0.03,18.07,-1.06,0,7,9,5,-7,-8,-4,-69,14,1,63.43,323.88,-99.55
272,271,1,0,171,-70,20,3,31,0.07,0.02,18.14,-1.04,0,7,9,5,-7,-8,-4,-69,14,1,75.96,323.61,-112.35
272,272,0,1,869,-70,22,3,31,0,0,18.14,-1.04,0,7,9,5,-7,-8,-4,-69,14,1,80.54,323.61,-116.93
273,272,1,0,171,-68,21,3,30,0.07,-0.01,18.21,-1.06,0,7,9,5,-7,-8,-4,-69,14,1,101.31,323.41,-137.9
274,273,1,1,868,-69,19,4,31,0.07,0,18.28,-1.06,0,7,9,5,-7,-8,-4,-69,14,1,90,323.18,-126.82
275,274,1,0,168,-71,21,0,31,0.07,0.03,18.34,-1.03,0,7,9,5,-7,-8,-4,-69,14,1,68.2,322.89,-105.3
276,275,1,1,840,-67,21,4,31,0.07,-0.03,18.41,-1.06,0,7,9,5,-7,-8,-4,-69,14,1,111.8,322.74,-149.06
277,276,1,1,590,-71,22,3,30,0.07,0.02,18.48,-1.03,0,7,9,5,-7,-8,-4,-69,14,1,71.57,322.47,-109.1
278,277,1,0,165,-69,22,2,31,0.07,0,18.55,-1.03,0,7,9,5,-7,-8,-4,-69,14,1,90,322.24,-127.76
278,278,0,1,874,-69,21,5,31,0,0,18.55,-1.03,0,7,9,5,-7,-8,-4,-69,14,1,90,322.24,-127.76
279,278,1,0,166,-70,21,2,30,0.07,0.01,18.62,-1.02,0,7,9,5,-7,-8,-4,-69,14,1,78.69,321.98,-116.71
280,279,1,1,868,-69,21,4,31,0.07,0,18.69,-1.02,0,7,9,5,-7,-8,-4,-69,14,1,90,321.75,-128.25
281,280,1,0,165,-70,21,2,31,0.07,0.01,18.75,-1.01,0,7,9,5,-7,-8,-4,-69,14,1,78.69,321.5,-117.19
282,281,1,1,792,-68,21,2,31,0.07,-0.01,18.82,-1.02,0,7,9,5,-7,-8,-4,-69,14,1,101.31,321.31,-140
283,282,1,1,624,-68,21,2,30,0.07,-0.01,18.89,-1.03,0,7,9,5,-7,-8,-4,-69,14,1,101.31,321.13,-140.18
284,283,1,0,164,-69,17,3,31,0.07,0,18.96,-1.03,0,7,9,5,-7,-8,-4,-69,14,1,90,320.91,-129.09
284,284,0,1,873,-72,19,3,31,0,0,18.96,-1.03,0,7,9,5,-7,-8,-4,-69,14,1,45,320.91,-84.09
285,284,1,0,163,-69,20,3,31,0.07,0,19.03,-1.03,0,7,9,5,-7,-8,-4,-69,14,1,90,320.69,-129.31
286,285,1,1,862,-70,20,5,30,0.07,0.02,19.1,-1.02,0,7,9,5,-7,-8,-4,-69,14,1,75.96,320.43,-115.53
287,286,1,0,168,-71,19,4,31,0.06,0.04,19.16,-0.98,0,7,9,5,-7,-8,-4,-69,14,1,56.31,320.15,-96.16
288,287,1,0,174,-71,20,2,31,0.06,0.03,19.22,-0.95,0,7,9,5,-7,-8,-4,-69,14,1,63.43,319.88,-103.56
289,288,1,1,876,-72,22,3,30,0.06,0.03,19.29,-0.91,0,7,9,5,-7,-8,-4,-69,14,1,63.43,319.6,-103.83
289,289,0,0,167,-70,20,2,31,0,0,19.29,-0.91,0,7,9,5,-7,-8,-4,-69,14,1,75.96,319.6,-116.36
290,289,1,1,870,-69,19,3,31,0.07,0,19.36,-0.91,0,7,9,5,-7,-8,-4,-69,14,1,90,319.39,-130.61
291,290,1,0,162,-70,20,3,31,0.07,0.02,19.43,-0.9,0,7,9,5,-7,-8,-4,-69,14,1,75.96,319.14,-116.83
292,291,1,1,853,-69,20,4,30,0.07,0,19.5,-0.9,0,7,9,5,-7,-8,-4,-69,14,1,90,318.93,-131.07
293,292,1,1,564,-69,21,2,31,0.07,0,19.57,-0.9,0,7,9,5,-7,-8,-4,-69,14,1,90,318.72,-131.28
294,293,1,0,162,-70,21,3,31,0.07,0.01,19.64,-0.88,0,7,9,5,-7,-8,-4,-69,14,1,78.69,318.48,-120.21
294,294,0,1,871,-71,22,4,30,0,0,19.64,-0.88,0,7,9,5,-7,-8,-4,-69,14,1,71.57,318.48,-113.09
295,294,1,0,160,-70,21,3,31,0.07,0.01,19.71,-0.87,0,7,9,5,-7,-8,-4,-69,14,1,78.69,318.24,-120.45
296,295,1,1,870,-68,21,4,31,0.07,-0.01,19.78,-0.88,0,7,9,5,-7,-8,-4,-69,14,1,101.31,318.07,-143.24
297,296,1,0,163,-69,21,3,31,0.07,0,19.85,-0.88,0,7,9,5,-7,-8,-4,-69,14,1,90,317.87,-132.13
298,297,1,1,361,-69,22,4,30,0.07,0,19.92,-0.88,0,7,9,5,-7,-8,-4,-69,14,1,90,317.66,-132.34
299,298,1,1,760,-70,20,2,31,0.07,0.02,19.98,-0.87,0,7,9,5,-7,-8,-4,-69,14,1,75.96,317.42,-118.54
299,299,0,0,163,-70,21,3,31,0,0,19.98,-0.87,0,7,9,5,-7,-8,-4,-69,14,1,78.69,317.42,-121.27
300,299,1,1,875,-71,21,3,30,0.07,0.03,20.05,-0.84,0,7,9,5,-7,-8,-4,-69,14,1,68.2,317.16,-111.03
301,300,1,0,164,-70,23,4,31,0.07,0.01,20.12,-0.83,0,7,9,5,-7,-8,-4,-69,14,1,81.87,316.94,-124.93
302,301,1,1,857,-71,22,2,31,0.07,0.02,20.19,-0.81,0,7,9,5,-7,-8,-4,-69,14,1,71.57,316.69,-114.87
303,302,1,0,168,-70,19,2,31,0.07,0.02,20.25,-0.79,0,7,9,5,-7,-8,-4,-69,14,1,71.57,316.45,-115.12
304,303,1,0,168,-69,19,4,30,0.07,0,20.32,-0.79,0,7,9,5,-7,-8,-4,-69,14,1,90,316.25,-133.75
305,304,1,1,868,-69,21,3,31,0.07,0,20.39,-0.79,0,7,9,5,-7,-8,-4,-69,14,1,90,316.06,-133.94
305,305,0,0,167,-72,20,3,31,0,0,20.39,-0.79,0,7,9,5,-7,-8,-4,-69,14,1,53.13,316.06,-97.07
306,305,1,1,877,-69,20,3,31,0.07,0,20.47,-0.79,0,7,9,5,-7,-8,-4,-69,14,1,90,315.86,-134.14
307,306,1,0,165,-68,17,3,30,0.06,-0.03,20.53,-0.82,0,7,9,5,-7,-8,-4,-69,14,1,116.57,315.77,-160.79
308,307,1,1,857,-68,23,4,31,0.07,-0.01,20.6,-0.83,0,7,9,5,-7,-8,-4,-69,14,1,98.13,315.61,-142.52
309,308,1,1,510,-71,21,5,31,0.07,0.03,20.66,-0.8,0,7,9,5,-7,-8,-4,-69,14,1,68.2,315.37,-112.83
310,309,1,0,161,-71,21,3,30,0.07,0.03,20.73,-0.77,0,7,9,5,-7,-8,-4,-69,14,1,68.2,315.12,-113.08
310,310,0,1,868,-70,23,-1,31,0,0,20.73,-0.77,0,7,9,5,-7,-8,-4,-69,14,1,81.87,315.12,-126.75
311,310,1,0,160,-70,19,5,31,0.07,0.02,20.8,-0.75,0,7,9,5,-7,-8,-4,-69,14,1,71.57,314.88,-116.68
312,311,1,1,870,-70,19,4,31,0.07,0.02,20.86,-0.73,0,7,9,5,-7,-8,-4,-69,14,1,71.57,314.65,-116.92
313,312,1,0,160,-72,22,5,30,0.06,0.03,20.93,-0.7,0,7,9,5,-7,-8,-4,-69,14,1,63.43,314.4,-109.04
314,313,1,1,448,-66,19,4,31,0.05,-0.05,20.98,-0.75,0,7,9,5,-7,-8,-4,-69,14,1,135,314.4,179.4
315,314,1,1,849,-65,19,3,31,0.04,-0.06,21.02,-0.8,0,7,9,5,-7,-8,-4,-69,14,1,143.13,314.44,171.31
315,315,0,0,96,-67,20,3,30,0,0,21.02,-0.8,0,7,9,5,-7,-8,-4,-69,14,1,116.57,314.44,-162.13
316,315,1,0,96,-66,21,3,31,0.06,-0.04,21.08,-0.84,0,7,9,5,-7,-8,-4,-69,14,1,120.96,314.38,-166.59
316,316,0,0,94,-67,21,3,31,0,0,21.08,-0.84,0,7,9,5,-7,-8,-4,-69,14,1,111.8,314.38,-157.42
316,316,0,1,847,-68,19,2,31,0,0,21.08,-0.84,0,7,9,5,-7,-8,-4,-69,14,1,108.43,314.38,-154.06
317,316,1,1,849,-68,20,4,30,0.07,-0.02,21.15,-0.86,0,7,9,5,-7,-8,-4,-69,14,1,104.04,314.25,-149.79
