0, 1, 680, 0, -13, 32, -5, 31, 0.00, 0.00, 0.00, 0.00, 0.00, 18, 20, 13, -19, -19, -13, -19, 30, -3, 168.69, 90.00, -78.69
1, 1, 884, 0, -13, 33, -8, 30, 0.03, -0.07, 0.03, -0.07, 0.00, 18, 20, 13, -19, -19, -13, -19, 30, -3, 158.20, 89.62, -68.57
1, 0, 165, 0, -11, 33, -6, 31, 0.02, -0.07, 0.05, -0.13, 0.00, 18, 20, 13, -19, -19, -13, -19, 30, -3, 164.05, 89.23, -74.82
2, 1, 876, 0, -13, 34, -7, 30, 0.07, -0.12, 0.12, -0.25, 0.00, 18, 20, 13, -19, -19, -13, -19, 30, -3, 149.04, 88.53, -60.51
3, 1, 630, 0, -11, 34, -5, 31, 0.08, -0.19, 0.20, -0.45, 0.00, 18, 20, 13, -19, -19, -13, -19, 30, -3, 156.80, 87.38, -69.42
4, 0, 165, 0, -12, 34, -5, 31, 0.13, -0.25, 0.33, -0.70, 0.00, 18, 20, 13, -19, -19, -13, -19, 30, -3, 153.43, 85.85, -67.58
4, 1, 885, 0, -12, 34, -7, 30, 0.13, -0.25, 0.45, -0.95, 0.00, 18, 20, 13, -19, -19, -13, -19, 30, -3, 153.43, 84.30, -69.14
5, 0, 165, 0, -12, 32, -5, 31, 0.06, -0.35, 0.51, -1.30, 0.00, 18, 20, 13, -19, -19, -13, -19, 30, -3, 170.54, 82.19, -88.35
6, 0, 162, 0, -9, 34, -8, 31, 0.13, -0.40, 0.65, -1.70, 0.00, 18, 20, 13, -19, -19, -13, -19, 30, -3, 161.57, 79.68, -81.88
7, 1, 883, 0, -11, 33, -7, 31, 0.14, -0.47, 0.78, -2.18, 0.00, 18, 20, 13, -19, -19, -13, -19, 30, -3, 164.05, 76.71, -87.34
7, 0, 162, 0, -13, 32, -5, 30, 0.10, -0.48, 0.88, -2.66, 0.00, 18, 20, 13, -19, -19, -13, -19, 30, -3, 168.69, 73.73, -94.96
8, 1, 875, 0, -10, 34, -7, 31, 0.20, -0.53, 1.08, -3.19, 0.00, 18, 20, 13, -19, -19, -13, -19, 30, -3, 159.44, 70.33, -89.11
9, 1, 608, 0, -10, 33, -5, 31, 0.15, -0.62, 1.23, -3.81, 0.00, 18, 20, 13, -19, -19, -13, -19, 30, -3, 165.96, 66.54, -99.42
10, 0, 166, 0, -8, 35, -6, 30, 0.20, -0.68, 1.43, -4.48, 0.00, 18, 20, 13, -19, -19, -13, -19, 30, -3, 163.30, 62.39, -100.91
10, 1, 885, 0, -10, 33, -5, 32, 0.17, -0.68, 1.60, -5.17, 0.00, 18, 20, 13, -19, -19, -13, -19, 30, -3, 165.96, 58.40, -107.56
11, 0, 164, 0, -11, 32, -5, 31, 0.11, -0.77, 1.71, -5.93, 0.00, 18, 20, 13, -19, -19, -13, -19, 30, -3, 171.87, 54.40, -117.47
12, 0, 163, 0, -9, 35, -6, 31, 0.27, -0.80, 1.98, -6.74, 0.00, 18, 20, 13, -19, -19, -13, -19, 30, -3, 161.57, 49.97, -111.60
13, 1, 880, 0, -10, 32, -8, 30, 0.11, -0.91, 2.09, -7.65, 0.00, 18, 20, 13, -19, -19, -13, -19, 30, -3, 172.87, 45.95, -126.92
13, 0, 166, 0, -11, 31, -6, 31, -0.00, -0.92, 2.09, -8.56, 0.00, 18, 20, 13, -19, -19, -13, -19, 30, -3, 180.00, 42.71, -137.29
14, 1, 872, 0, -11, 33, -5, 30, 0.27, -0.95, 2.37, -9.51, 0.00, 18, 20, 13, -19, -19, -13, -19, 30, -3, 164.05, 38.75, -125.31
15, 1, 623, 0, -10, 33, -7, 32, 0.26, -1.03, 2.62, -10.54, 0.00, 18, 20, 13, -19, -19, -13, -19, 30, -3, 165.96, 34.99, -130.97
16, 0, 164, 0, -11, 35, -7, 30, 0.44, -1.04, 3.07, -11.58, 0.00, 18, 20, 13, -19, -19, -13, -19, 30, -3, 156.80, 30.92, -125.88
16, 1, 882, 0, -13, 31, -5, 31, -0.00, -1.13, 3.07, -12.70, 0.00, 18, 20, 13, -19, -19, -13, -19, 30, -3, 180.00, 28.62, -151.38
17, 0, 163, 0, -11, 33, -7, 31, 0.33, -1.15, 3.40, -13.86, 0.00, 18, 20, 13, -19, -19, -13, -19, 30, -3, 164.05, 25.48, -138.58
18, 0, 162, 0, -11, 31, -5, 30, -0.00, -1.27, 3.40, -15.13, 0.00, 18, 20, 13, -19, -19, -13, -19, 30, -3, 180.00, 23.58, -156.42
19, 1, 883, 0, -12, 33, -4, 31, 0.42, -1.27, 3.82, -16.40, 0.00, 18, 20, 13, -19, -19, -13, -19, 30, -3, 161.57, 20.65, -140.92
19, 0, 163, 0, -10, 31, -7, 31, -0.00, -1.34, 3.82, -17.74, 0.00, 18, 20, 13, -19, -19, -13, -19, 30, -3, 180.00, 19.21, -160.79
20, 1, 866, 0, -12, 35, -7, 31, 0.63, -1.26, 4.45, -19.00, 0.00, 18, 20, 13, -19, -19, -13, -19, 30, -3, 153.43, 16.28, -137.15
21, 1, 571, 0, -12, 34, -3, 30, 0.66, -1.32, 5.11, -20.32, 0.00, 18, 20, 13, -19, -19, -13, -19, 30, -3, 153.43, 13.52, -139.92
22, 0, 163, 0, -13, 32, -7, 31, 0.30, -1.52, 5.42, -21.85, 0.00, 18, 20, 13, -19, -19, -13, -19, 30, -3, 168.69, 11.85, -156.84
22, 1, 892, 0, -12, 35, -5, 31, 0.69, -1.39, 6.11, -23.23, 0.00, 18, 20, 13, -19, -19, -13, -19, 30, -3, 153.43, 9.50, -143.93
23, 0, 164, 0, -12, 33, -6, 30, 0.51, -1.54, 6.62, -24.77, 0.00, 18, 20, 13, -19, -19, -13, -19, 30, -3, 161.57, 7.76, -153.81
24, 1, 859, 0, -12, 33, -7, 31, 0.54, -1.61, 7.16, -26.38, 0.00, 18, 20, 13, -19, -19, -13, -19, 30, -3, 161.57, 6.14, -155.42
25, 1, 703, 0, -10, 31, -6, 32, -0.00, -1.76, 7.16, -28.14, 0.00, 18, 20, 13, -19, -19, -13, -19, 30, -3, 180.00, 5.76, -174.24
25, 0, 163, 0, -9, 33, -7, 31, 0.38, -1.72, 7.54, -29.86, 0.00, 18, 20, 13, -19, -19, -13, -19, 30, -3, 167.47, 4.70, -162.77
26, 1, 881, 0, -11, 33, -5, 30, 0.50, -1.76, 8.05, -31.63, 0.00, 18, 20, 13, -19, -19, -13, -19, 30, -3, 164.05, 3.53, -160.52
27, 0, 162, 0, -11, 31, -6, 31, -0.00, -1.90, 8.05, -33.53, 0.00, 18, 20, 13, -19, -19, -13, -19, 30, -3, 180.00, 3.33, -176.67
28, 0, 161, 0, -10, 32, -7, 30, 0.24, -1.96, 8.29, -35.49, 0.00, 18, 20, 13, -19, -19, -13, -19, 30, -3, 172.87, 2.76, -170.12
29, 1, 877, 0, -12, 33, -6, 32, 0.65, -1.94, 8.94, -37.43, 0.00, 18, 20, 13, -19, -19, -13, -19, 30, -3, 161.57, 1.63, -159.94
29, 0, 162, 0, -11, 35, -5, 30, 0.81, -1.88, 9.74, -39.31, 0.00, 18, 20, 13, -19, -19, -13, -19, 30, -3, 156.80, 0.37, -156.43
30, 1, 876, 0, -11, 33, -8, 31, 0.58, -2.03, 10.33, -41.34, 0.00, 18, 20, 13, -19, -19, -13, -19, 30, -3, 164.05, 359.64, -164.42
31, 0, 161, 0, -9, 35, -8, 31, 0.69, -2.07, 11.02, -43.42, 0.00, 18, 20, 13, -19, -19, -13, -19, 30, -3, 161.57, 358.91, -162.66
32, 0, 159, 0, -12, 35, -7, 30, 1.01, -2.02, 12.03, -45.44, 0.00, 18, 20, 13, -19, -19, -13, -19, 30, -3, 153.43, 357.91, -155.53
33, 1, 886, 0, -8, 33, -6, 32, 0.46, -2.28, 12.48, -47.72, 0.00, 18, 20, 13, -19, -19, -13, -19, 30, -3, 168.69, 357.54, -171.15
33, 0, 160, 0, -11, 34, -7, 31, 0.92, -2.14, 13.40, -49.86, 0.00, 18, 20, 13, -19, -19, -13, -19, 30, -3, 156.80, 356.75, -160.05
34, 1, 870, 0, -12, 36, -6, 31, 1.33, -2.00, 14.73, -51.85, 0.00, 18, 20, 13, -19, -19, -13, -19, 30, -3, 146.31, 355.63, -150.68
35, 0, 160, 0, -10, 34, -6, 31, 0.87, -2.31, 15.60, -54.17, 0.00, 18, 20, 13, -19, -19, -13, -19, 30, -3, 159.44, 355.02, -164.43
36, 0, 159, 0, -11, 32, -6, 31, 0.36, -2.51, 15.96, -56.68, 0.00, 18, 20, 13, -19, -19, -13, -19, 30, -3, 171.87, 354.90, -176.97
36, 1, 884, 0, -11, 33, -7, 31, 0.70, -2.44, 16.65, -59.12, 0.00, 18, 20, 13, -19, -19, -13, -19, 30, -3, 164.05, 354.50, -169.55
37, 0, 160, 0, -10, 35, -7, 31, 0.92, -2.44, 17.57, -61.56, 0.00, 18, 20, 13, -19, -19, -13, -19, 30, -3, 159.44, 353.96, -165.48
38, 1, 876, 0, -11, 34, -3, 31, 1.06, -2.46, 18.62, -64.03, 0.00, 18, 20, 13, -19, -19, -13, -19, 30, -3, 156.80, 353.35, -163.45
39, 0, 161, 0, -10, 33, -5, 31, 0.67, -2.67, 19.29, -66.70, 0.00, 18, 20, 13, -19, -19, -13, -19, 30, -3, 165.96, 353.09, -172.87
40, 0, 160, 0, -9, 32, -6, 31, 0.31, -2.80, 19.60, -69.50, 0.00, 18, 20, 13, -19, -19, -13, -19, 30, -3, 173.66, 353.11, 179.45
40, 1, 882, 0, -10, 32, -4, 30, 0.35, -2.80, 19.95, -72.30, 0.00, 18, 20, 13, -19, -19, -13, -19, 30, -3, 172.87, 353.10, -179.77
41, 0, 161, 0, -8, 33, -6, 32, 0.57, -2.84, 20.52, -75.13, 0.00, 18, 20, 13, -19, -19, -13, -19, 30, -3, 168.69, 352.96, -175.73
42, 1, 876, 0, -14, 34, -6, 31, 1.52, -2.54, 22.04, -77.67, 0.00, 18, 20, 13, -19, -19, -13, -19, 30, -3, 149.04, 352.18, -156.86
43, 0, 162, 0, -11, 35, -7, 31, 1.19, -2.79, 23.24, -80.46, 0.00, 18, 20, 13, -19, -19, -13, -19, 30, -3, 156.80, 351.67, -165.13
44, 0, 162, 0, -11, 34, -4, 30, 1.22, -2.85, 24.46, -83.31, 0.00, 18, 20, 13, -19, -19, -13, -19, 30, -3, 156.80, 351.19, -165.61
44, 1, 882, 0, -11, 33, -9, 32, 0.85, -2.98, 25.31, -86.30, 0.00, 18, 20, 13, -19, -19, -13, -19, 30, -3, 164.05, 350.96, -173.09
45, 0, 163, 0, -11, 33, -7, 31, 0.87, -3.05, 26.19, -89.35, 0.00, 18, 20, 13, -19, -19, -13, -19, 30, -3, 164.05, 350.75, -173.31
46, 1, 880, 0, -11, 35, -6, 31, 1.28, -2.98, 27.46, -92.33, 0.00, 18, 20, 13, -19, -19, -13, -19, 30, -3, 156.80, 350.32, -166.49
47, 0, 164, 0, -10, 32, -8, 30, 0.41, -3.29, 27.88, -95.62, 0.00, 18, 20, 13, -19, -19, -13, -19, 30, -3, 172.87, 350.39, 177.52
48, 0, 142, 0, -8, 31, -5, 32, -0.00, -3.39, 27.88, -99.01, 0.00, 18, 20, 13, -19, -19, -13, -19, 30, -3, 180.00, 350.69, 170.69
48, 1, 877, 0, -10, 32, -4, 31, 0.42, -3.36, 28.29, -102.37, 0.00, 18, 20, 13, -19, -19, -13, -19, 30, -3, 172.87, 350.75, 177.88
49, 0, 142, 0, -8, 32, -6, 30, 0.34, -3.44, 28.64, -105.80, 0.00, 18, 20, 13, -19, -19, -13, -19, 30, -3, 174.29, 350.86, 176.57
50, 1, 873, 0, -4, 32, -6, 31, 0.25, -3.52, 28.89, -109.32, 0.00, 18, 20, 13, -19, -19, -13, -19, 30, -3, 175.91, 351.00, 175.09
51, 0, 144, 0, -5, 31, -7, 31, -0.00, -3.60, 28.89, -112.92, 0.00, 18, 20, 13, -19, -19, -13, -19, 30, -3, 180.00, 351.26, 171.26
52, 0, 141, 0, -8, 33, -6, 31, 0.72, -3.60, 29.61, -116.52, 0.00, 18, 20, 13, -19, -19, -13, -19, 30, -3, 168.69, 351.19, -177.50
53, 1, 886, 0, -11, 33, -8, 31, 1.03, -3.59, 30.64, -120.11, 0.00, 18, 20, 13, -19, -19, -13, -19, 30, -3, 164.05, 350.99, -173.07
53, 0, 166, 0, -10, 34, -5, 31, 1.31, -3.50, 31.95, -123.61, 0.00, 18, 20, 13, -19, -19, -13, -19, 30, -3, 159.44, 350.67, -168.77
54, 1, 885, 0, -10, 34, -9, 31, 1.34, -3.57, 33.29, -127.18, 0.00, 18, 20, 13, -19, -19, -13, -19, 30, -3, 159.44, 350.37, -169.08
55, 0, 166, 0, -11, 32, -7, 31, 0.55, -3.84, 33.83, -131.02, 0.00, 18, 20, 13, -19, -19, -13, -19, 30, -3, 171.87, 350.41, 178.54
56, 1, 555, 0, -10, 34, -6, 31, 1.39, -3.70, 35.22, -134.71, 0.00, 18, 20, 13, -19, -19, -13, -19, 30, -3, 159.44, 350.11, -169.33
57, 1, 854, 0, -11, 35, -6, 31, 1.58, -3.70, 36.80, -138.41, 0.00, 18, 20, 13, -19, -19, -13, -19, 30, -3, 156.80, 349.76, -167.04
57, 0, 164, 0, -10, 34, -4, 32, 1.41, -3.76, 38.22, -142.17, 0.00, 18, 20, 13, -19, -19, -13, -19, 30, -3, 159.44, 349.50, -169.95
58, 1, 886, 0, -11, 33, -7, 30, 1.12, -3.93, 39.34, -146.11, 0.00, 18, 20, 13, -19, -19, -13, -19, 30, -3, 164.05, 349.36, -174.70
59, 0, 162, 0, -11, 34, -6, 31, 1.64, -3.82, 40.98, -149.93, 0.00, 18, 20, 13, -19, -19, -13, -19, 30, -3, 156.80, 349.04, -167.76
60, 1, 833, 0, -12, 34, -3, 32, 1.89, -3.78, 42.87, -153.72, 0.00, 18, 20, 13, -19, -19, -13, -19, 30, -3, 153.43, 348.65, -164.79
61, 1, 650, 0, -12, 33, -3, 31, 1.36, -4.08, 44.23, -157.80, 0.00, 18, 20, 13, -19, -19, -13, -19, 30, -3, 161.57, 348.47, -173.10
62, 0, 166, 0, -13, 33, -8, 30, 1.62, -4.06, 45.86, -161.86, 0.00, 18, 20, 13, -19, -19, -13, -19, 30, -3, 158.20, 348.21, -169.98
62, 1, 891, 0, -12, 31, -4, 32, -0.00, -4.37, 45.86, -166.23, 0.00, 18, 20, 13, -19, -19, -13, -19, 30, -3, 180.00, 348.50, 168.50
63, 0, 142, 0, -9, 31, -6, 31, -0.00, -4.44, 45.86, -170.67, 0.00, 18, 20, 13, -19, -19, -13, -19, 30, -3, 180.00, 348.77, 168.77
64, 1, 842, 0, -6, 32, -5, 30, 0.37, -4.50, 46.23, -175.17, 0.00, 18, 20, 13, -19, -19, -13, -19, 30, -3, 175.24, 348.93, 173.69
65, 1, 663, 0, -9, 30, -7, 31, -0.51, -4.56, 45.73, -179.73, 0.00, 18, 20, 13, -19, -19, -13, -19, 30, -3, 186.34, 349.34, 163.00
65, 0, 138, 0, -8, 32, -6, 32, 0.46, -4.56, 46.18, -184.29, 0.00, 18, 20, 13, -19, -19, -13, -19, 30, -3, 174.29, 349.45, 175.16
66, 1, 881, 0, -10, 31, -7, 31, -0.00, -4.65, 46.18, -188.95, 0.00, 18, 20, 13, -19, -19, -13, -19, 30, -3, 180.00, 349.69, 169.69
67, 0, 134, 0, -7, 34, -6, 30, 1.24, -4.56, 47.42, -193.50, 0.00, 18, 20, 13, -19, -19, -13, -19, 30, -3, 164.74, 349.58, -175.17
68, 1, 842, 0, -11, 33, -6, 31, 1.32, -4.61, 48.74, -198.12, 0.00, 18, 20, 13, -19, -19, -13, -19, 30, -3, 164.05, 349.45, -174.60
69, 1, 610, 0, -11, 32, -4, 31, 0.69, -4.82, 49.43, -202.93, 0.00, 18, 20, 13, -19, -19, -13, -19, 30, -3, 171.87, 349.51, 177.64
70, 0, 132, 0, -8, 33, -7, 32, 0.97, -4.84, 50.40, -207.77, 0.00, 18, 20, 13, -19, -19, -13, -19, 30, -3, 168.69, 349.49, -179.20
70, 1, 888, 0, -10, 36, -3, 30, 2.21, -4.42, 52.61, -212.19, 0.00, 18, 20, 13, -19, -19, -13, -19, 30, -3, 153.43, 349.14, -164.29
71, 0, 156, 0, -11, 35, -5, 31, 1.97, -4.60, 54.58, -216.79, 0.00, 18, 20, 13, -19, -19, -13, -19, 30, -3, 156.80, 348.88, -167.92
72, 1, 875, 0, -14, 33, -5, 32, 1.89, -4.71, 56.47, -221.51, 0.00, 18, 20, 13, -19, -19, -13, -19, 30, -3, 158.20, 348.65, -169.55
73, 1, 501, 0, -11, 31, -8, 30, -0.00, -5.15, 56.47, -226.66, 0.00, 18, 20, 13, -19, -19, -13, -19, 30, -3, 180.00, 348.89, 168.89
74, 0, 136, 0, -8, 31, -4, 31, -0.00, -5.22, 56.47, -231.88, 0.00, 18, 20, 13, -19, -19, -13, -19, 30, -3, 180.00, 349.13, 169.13
74, 1, 876, 0, -9, 32, -6, 31, 0.58, -5.19, 57.04, -237.06, 0.00, 18, 20, 13, -19, -19, -13, -19, 30, -3, 173.66, 349.22, 175.56
75, 0, 131, 0, -7, 32, -8, 32, 0.48, -5.27, 57.52, -242.33, 0.00, 18, 20, 13, -19, -19, -13, -19, 30, -3, 174.81, 349.33, 174.53
76, 1, 868, 0, -6, 31, -5, 30, -0.00, -5.36, 57.52, -247.69, 0.00, 18, 20, 13, -19, -19, -13, -19, 30, -3, 180.00, 349.55, 169.55
77, 0, 131, 0, -8, 31, -3, 31, -0.00, -5.43, 57.52, -253.12, 0.00, 18, 20, 13, -19, -19, -13, -19, 30, -3, 180.00, 349.76, 169.76
78, 0, 129, 0, -8, 30, -5, 31, -0.55, -5.47, 56.97, -258.60, 0.00, 18, 20, 13, -19, -19, -13, -19, 30, -3, 185.71, 350.08, 164.37
79, 1, 876, 0, -8, 31, -6, 32, -0.00, -5.57, 56.97, -264.17, 0.00, 18, 20, 13, -19, -19, -13, -19, 30, -3, 180.00, 350.28, 170.28
79, 0, 131, 0, -7, 30, -6, 30, -0.50, -5.55, 56.47, -269.72, 0.00, 18, 20, 13, -19, -19, -13, -19, 30, -3, 185.19, 350.57, 165.37
80, 1, 876, 0, -7, 30, -4, 31, -0.51, -5.62, 55.96, -275.33, 0.00, 18, 20, 13, -19, -19, -13, -19, 30, -3, 185.19, 350.85, 165.66
81, 0, 131, 0, -8, 31, -6, 31, -0.00, -5.71, 55.96, -281.05, 0.00, 18, 20, 13, -19, -19, -13, -19, 30, -3, 180.00, 351.03, 171.03
82, 0, 145, 0, -9, 30, -6, 30, -0.64, -5.75, 55.32, -286.80, 0.00, 18, 20, 13, -19, -19, -13, -19, 30, -3, 186.34, 351.32, 164.98
83, 1, 879, 0, -7, 30, -6, 32, -0.53, -5.83, 54.79, -292.63, 0.00, 18, 20, 13, -19, -19, -13, -19, 30, -3, 185.19, 351.58, 166.39
83, 0, 131, 0, -8, 30, -5, 31, -0.58, -5.82, 54.21, -298.45, 0.00, 18, 20, 13, -19, -19, -13, -19, 30, -3, 185.71, 351.84, 166.13
84, 1, 875, 0, -7, 31, -6, 31, -0.00, -5.92, 54.21, -304.37, 0.00, 18, 20, 13, -19, -19, -13, -19, 30, -3, 180.00, 352.00, 172.00
85, 0, 131, 0, -9, 31, -6, 30, -0.00, -5.99, 54.21, -310.37, 0.00, 18, 20, 13, -19, -19, -13, -19, 30, -3, 180.00, 352.14, 172.14
86, 0, 132, 0, -7, 32, -4, 31, 0.55, -6.04, 54.76, -316.41, 0.00, 18, 20, 13, -19, -19, -13, -19, 30, -3, 174.81, 352.19, 177.39
87, 1, 876, 0, -9, 30, -6, 32, -0.68, -6.10, 54.08, -322.51, 0.00, 18, 20, 13, -19, -19, -13, -19, 30, -3, 186.34, 352.45, 166.11
87, 0, 133, 0, -8, 32, -5, 31, 0.61, -6.11, 54.69, -328.61, 0.00, 18, 20, 13, -19, -19, -13, -19, 30, -3, 174.29, 352.48, 178.19
88, 1, 874, 0, -7, 29, -8, 30, -1.11, -6.11, 53.58, -334.72, 0.00, 18, 20, 13, -19, -19, -13, -19, 30, -3, 190.30, 352.80, 162.49
89, 0, 132, 0, -8, 31, -6, 31, -0.00, -6.28, 53.58, -341.00, 0.00, 18, 20, 13, -19, -19, -13, -19, 30, -3, 180.00, 352.92, 172.92
90, 0, 150, 0, -7, 32, -4, 31, 0.57, -6.32, 54.15, -347.32, 0.00, 18, 20, 13, -19, -19, -13, -19, 30, -3, 174.81, 352.96, 178.15
91, 1, 875, 0, -8, 30, -6, 31, -0.64, -6.39, 53.51, -353.71, 0.00, 18, 20, 13, -19, -19, -13, -19, 30, -3, 185.71, 353.18, 167.47
91, 0, 132, 0, -8, 31, -3, 31, -0.00, -6.42, 53.51, -360.12, 0.00, 18, 20, 13, -19, -19, -13, -19, 30, -3, 180.00, 353.29, 173.29
92, 1, 879, 0, -8, 31, -5, 31, -0.00, -6.49, 53.51, -366.61, 0.00, 18, 20, 13, -19, -19, -13, -19, 30, -3, 180.00, 353.41, 173.41
93, 0, 132, 0, -7, 29, -6, 31, -1.17, -6.45, 52.34, -373.07, 0.00, 18, 20, 13, -19, -19, -13, -19, 30, -3, 190.30, 353.69, 163.39
94, 1, 834, 0, -6, 32, -5, 31, 0.55, -6.61, 52.89, -379.67, 0.00, 18, 20, 13, -19, -19, -13, -19, 30, -3, 175.24, 353.72, 178.48
95, 1, 670, 0, -9, 30, -7, 31, -0.74, -6.66, 52.15, -386.33, 0.00, 18, 20, 13, -19, -19, -13, -19, 30, -3, 186.34, 353.93, 167.59
95, 0, 134, 0, -7, 29, -4, 31, -1.20, -6.59, 50.95, -392.92, 0.00, 18, 20, 13, -19, -19, -13, -19, 30, -3, 190.30, 354.20, 163.89
96, 1, 880, 0, -7, 31, -3, 31, -0.00, -6.77, 50.95, -399.69, 0.00, 18, 20, 13, -19, -19, -13, -19, 30, -3, 180.00, 354.29, 174.29
97, 0, 133, 0, -7, 32, -7, 30, 0.62, -6.81, 51.57, -406.51, 0.00, 18, 20, 13, -19, -19, -13, -19, 30, -3, 174.81, 354.30, 179.49
98, 1, 853, 0, -7, 30, -7, 32, -0.63, -6.88, 50.95, -413.39, 0.00, 18, 20, 13, -19, -19, -13, -19, 30, -3, 185.19, 354.48, 169.28
99, 1, 625, 0, -6, 30, -6, 31, -0.58, -6.96, 50.37, -420.35, 0.00, 18, 20, 13, -19, -19, -13, -19, 30, -3, 184.76, 354.64, 169.88
100, 0, 134, 0, -9, 29, -6, 30, -1.53, -6.88, 48.84, -427.23, 0.00, 18, 20, 13, -19, -19, -13, -19, 30, -3, 192.53, 354.92, 162.40
100, 1, 887, 0, -9, 31, -6, 32, -0.00, -7.05, 48.84, -434.29, 0.00, 18, 20, 13, -19, -19, -13, -19, 30, -3, 180.00, 355.00, 175.00
101, 0, 134, 0, -8, 31, -6, 31, -0.00, -7.12, 48.84, -441.41, 0.00, 18, 20, 13, -19, -19, -13, -19, 30, -3, 180.00, 355.08, 175.08
102, 1, 868, 0, -8, 30, -5, 31, -0.72, -7.16, 48.12, -448.57, 0.00, 18, 20, 13, -19, -19, -13, -19, 30, -3, 185.71, 355.25, 169.54
103, 1, 604, 0, -6, 30, -6, 30, -0.60, -7.24, 47.52, -455.81, 0.00, 18, 20, 13, -19, -19, -13, -19, 30, -3, 184.76, 355.40, 170.63
104, 0, 134, 0, -6, 29, -3, 31, -1.21, -7.24, 46.31, -463.04, 0.00, 18, 20, 13, -19, -19, -13, -19, 30, -3, 189.46, 355.61, 166.15
104, 1, 878, 0, -9, 31, -7, 32, -0.00, -7.33, 46.31, -470.38, 0.00, 18, 20, 13, -19, -19, -13, -19, 30, -3, 180.00, 355.68, 175.68
105, 0, 133, 0, -6, 31, -9, 30, -0.00, -7.41, 46.31, -477.78, 0.00, 18, 20, 13, -19, -19, -13, -19, 30, -3, 180.00, 355.74, 175.74
106, 1, 865, 0, -8, 30, -7, 31, -0.74, -7.44, 45.57, -485.22, 0.00, 18, 20, 13, -19, -19, -13, -19, 30, -3, 185.71, 355.89, 170.18
107, 0, 133, 0, -8, 30, -5, 31, -0.75, -7.51, 44.82, -492.73, 0.00, 18, 20, 13, -19, -19, -13, -19, 30, -3, 185.71, 356.04, 170.33
108, 0, 132, 0, -7, 31, -6, 32, -0.00, -7.62, 44.82, -500.35, 0.00, 18, 20, 13, -19, -19, -13, -19, 30, -3, 180.00, 356.10, 176.10
109, 1, 878, 0, -6, 31, -3, 30, -0.00, -7.69, 44.82, -508.04, 0.00, 18, 20, 13, -19, -19, -13, -19, 30, -3, 180.00, 356.15, 176.15
109, 0, 134, 0, -6, 28, -7, 31, -1.86, -7.46, 42.95, -515.50, 0.00, 18, 20, 13, -19, -19, -13, -19, 30, -3, 194.04, 356.41, 162.38
110, 1, 875, 0, -7, 30, -6, 31, -0.70, -7.73, 42.25, -523.22, 0.00, 18, 20, 13, -19, -19, -13, -19, 30, -3, 185.19, 356.54, 171.34
111, 0, 132, 0, -8, 32, -6, 32, 0.78, -7.79, 43.03, -531.01, 0.00, 18, 20, 13, -19, -19, -13, -19, 30, -3, 174.29, 356.51, -177.78
112, 1, 794, 0, -12, 34, -8, 30, 3.53, -7.07, 46.56, -538.08, 0.00, 18, 20, 13, -19, -19, -13, -19, 30, -3, 153.43, 356.18, -157.25
113, 1, 628, 0, -9, 34, -6, 31, 2.52, -7.56, 49.08, -545.64, 0.00, 18, 20, 13, -19, -19, -13, -19, 30, -3, 161.57, 355.98, -165.59
114, 0, 160, 0, -12, 32, -6, 31, 1.32, -7.93, 50.40, -553.57, 0.00, 18, 20, 13, -19, -19, -13, -19, 30, -3, 170.54, 355.90, -174.64
114, 1, 882, 0, -11, 31, -7, 31, -0.00, -8.04, 50.40, -561.61, 0.00, 18, 20, 13, -19, -19, -13, -19, 30, -3, 180.00, 355.96, 175.96
115, 0, 129, 0, -9, 34, -7, 31, 2.56, -7.69, 52.97, -569.30, 0.00, 18, 20, 13, -19, -19, -13, -19, 30, -3, 161.57, 355.76, -165.81
116, 1, 879, 0, -9, 34, -6, 31, 2.59, -7.76, 55.56, -577.06, 0.00, 18, 20, 13, -19, -19, -13, -19, 30, -3, 161.57, 355.56, -166.00
117, 1, 599, 0, -10, 30, -5, 32, -1.02, -8.19, 54.53, -585.25, 0.00, 18, 20, 13, -19, -19, -13, -19, 30, -3, 187.13, 355.72, 168.60
118, 0, 128, 0, -7, 29, -6, 30, -1.49, -8.19, 53.04, -593.44, 0.00, 18, 20, 13, -19, -19, -13, -19, 30, -3, 190.30, 355.92, 165.62
118, 1, 879, 0, -8, 32, -4, 31, 0.83, -8.28, 53.87, -601.72, 0.00, 18, 20, 13, -19, -19, -13, -19, 30, -3, 174.29, 355.90, -178.39
119, 0, 163, 0, -11, 34, -8, 32, 3.31, -7.71, 57.18, -609.44, 0.00, 18, 20, 13, -19, -19, -13, -19, 30, -3, 156.80, 355.64, -161.16
120, 1, 869, 0, -11, 34, -10, 31, 3.33, -7.78, 60.51, -617.22, 0.00, 18, 20, 13, -19, -19, -13, -19, 30, -3, 156.80, 355.40, -161.41
121, 0, 162, 0, -9, 33, -8, 31, 1.85, -8.33, 62.36, -625.55, 0.00, 18, 20, 13, -19, -19, -13, -19, 30, -3, 167.47, 355.29, -172.18
122, 0, 161, 0, -9, 35, -6, 31, 2.72, -8.16, 65.08, -633.71, 0.00, 18, 20, 13, -19, -19, -13, -19, 30, -3, 161.57, 355.11, -166.46
123, 1, 880, 0, -11, 35, -7, 31, 3.42, -7.97, 68.50, -641.68, 0.00, 18, 20, 13, -19, -19, -13, -19, 30, -3, 156.80, 354.87, -161.93
123, 0, 161, 0, -8, 35, -7, 32, 2.49, -8.31, 70.99, -649.99, 0.00, 18, 20, 13, -19, -19, -13, -19, 30, -3, 163.30, 354.72, -168.58
124, 1, 886, 0, -10, 33, -7, 30, 2.12, -8.48, 73.12, -658.48, 0.00, 18, 20, 13, -19, -19, -13, -19, 30, -3, 165.96, 354.61, -171.36
125, 0, 160, 0, -8, 33, -7, 31, 1.73, -8.64, 74.84, -667.12, 0.00, 18, 20, 13, -19, -19, -13, -19, 30, -3, 168.69, 354.53, -174.16
126, 1, 628, 0, -9, 34, -8, 32, 2.81, -8.43, 77.65, -675.55, 0.00, 18, 20, 13, -19, -19, -13, -19, 30, -3, 161.57, 354.36, -167.20
127, 1, 741, 0, -7, 32, -6, 30, 0.81, -8.92, 78.47, -684.47, 0.00, 18, 20, 13, -19, -19, -13, -19, 30, -3, 174.81, 354.37, 179.56
127, 0, 132, 0, -8, 32, -5, 31, 0.89, -8.91, 79.36, -693.38, 0.00, 18, 20, 13, -19, -19, -13, -19, 30, -3, 174.29, 354.37, -179.92
128, 1, 889, 0, -10, 35, -6, 32, 3.17, -8.45, 82.53, -701.84, 0.00, 18, 20, 13, -19, -19, -13, -19, 30, -3, 159.44, 354.18, -165.26
129, 0, 159, 0, -11, 33, -6, 31, 2.50, -8.75, 85.03, -710.59, 0.00, 18, 20, 13, -19, -19, -13, -19, 30, -3, 164.05, 354.06, -170.00
130, 1, 879, 0, -9, 34, -8, 30, 2.90, -8.70, 87.93, -719.28, 0.00, 18, 20, 13, -19, -19, -13, -19, 30, -3, 161.57, 353.90, -167.66
131, 1, 445, 0, -11, 33, -6, 32, 2.54, -8.88, 90.46, -728.17, 0.00, 18, 20, 13, -19, -19, -13, -19, 30, -3, 164.05, 353.78, -170.28
132, 0, 158, 0, -12, 35, -5, 31, 4.16, -8.33, 94.63, -736.49, 0.00, 18, 20, 13, -19, -19, -13, -19, 30, -3, 153.43, 353.53, -159.90
132, 1, 883, 0, -11, 34, -4, 32, 3.67, -8.56, 98.29, -745.05, 0.00, 18, 20, 13, -19, -19, -13, -19, 30, -3, 156.80, 353.33, -163.47
133, 0, 158, 0, -10, 33, -6, 30, 2.28, -9.10, 100.57, -754.15, 0.00, 18, 20, 13, -19, -19, -13, -19, 30, -3, 165.96, 353.24, -172.72
134, 1, 877, 0, -9, 33, -6, 31, 2.05, -9.23, 102.62, -763.38, 0.00, 18, 20, 13, -19, -19, -13, -19, 30, -3, 167.47, 353.17, -174.30
135, 0, 158, 0, -11, 34, -5, 32, 3.75, -8.75, 106.37, -772.13, 0.00, 18, 20, 13, -19, -19, -13, -19, 30, -3, 156.80, 352.98, -163.83
136, 0, 156, 0, -12, 31, -6, 30, -0.00, -9.59, 106.37, -781.72, 0.00, 18, 20, 13, -19, -19, -13, -19, 30, -3, 180.00, 353.06, 173.06
137, 1, 865, 0, -7, 29, -5, 31, -1.73, -9.51, 104.64, -791.23, 0.00, 18, 20, 13, -19, -19, -13, -19, 30, -3, 190.30, 353.26, 162.96
137, 0, 130, 0, -7, 31, -6, 32, -0.00, -9.66, 104.64, -800.89, 0.00, 18, 20, 13, -19, -19, -13, -19, 30, -3, 180.00, 353.34, 173.34
138, 1, 874, 0, -7, 31, -7, 31, -0.00, -9.73, 104.64, -810.62, 0.00, 18, 20, 13, -19, -19, -13, -19, 30, -3, 180.00, 353.42, 173.42
139, 0, 131, 0, -9, 31, -6, 30, -0.00, -9.80, 104.64, -820.43, 0.00, 18, 20, 13, -19, -19, -13, -19, 30, -3, 180.00, 353.50, 173.50
140, 1, 827, 0, -8, 29, -7, 31, -1.94, -9.68, 102.71, -830.11, 0.00, 18, 20, 13, -19, -19, -13, -19, 30, -3, 191.31, 353.70, 162.39
141, 1, 623, 0, -7, 31, -7, 32, -0.00, -9.94, 102.71, -840.05, 0.00, 18, 20, 13, -19, -19, -13, -19, 30, -3, 180.00, 353.78, 173.78
141, 0, 131, 0, -9, 30, -6, 31, -1.10, -9.88, 101.61, -849.94, 0.00, 18, 20, 13, -19, -19, -13, -19, 30, -3, 186.34, 353.92, 167.58
142, 1, 884, 0, -8, 31, -3, 30, -0.00, -10.02, 101.61, -859.95, 0.00, 18, 20, 13, -19, -19, -13, -19, 30, -3, 180.00, 353.99, 173.99
143, 0, 131, 0, -8, 32, -4, 31, 1.00, -10.04, 102.61, -869.99, 0.00, 18, 20, 13, -19, -19, -13, -19, 30, -3, 174.29, 353.99, 179.70
144, 1, 867, 0, -9, 32, -5, 32, 1.12, -10.09, 103.73, -880.08, 0.00, 18, 20, 13, -19, -19, -13, -19, 30, -3, 173.66, 353.99, -179.67
145, 1, 563, 0, -9, 33, -8, 30, 2.22, -9.98, 105.95, -890.07, 0.00, 18, 20, 13, -19, -19, -13, -19, 30, -3, 167.47, 353.92, -173.56
146, 0, 158, 0, -11, 31, -6, 32, -0.00, -10.30, 105.95, -900.36, 0.00, 18, 20, 13, -19, -19, -13, -19, 30, -3, 180.00, 353.98, 173.98
146, 1, 873, 0, -8, 30, -4, 31, -1.02, -10.25, 104.93, -910.61, 0.00, 18, 20, 13, -19, -19, -13, -19, 30, -3, 185.71, 354.11, 168.40
147, 0, 132, 0, -9, 30, -6, 31, -1.14, -10.30, 103.78, -920.91, 0.00, 18, 20, 13, -19, -19, -13, -19, 30, -3, 186.34, 354.25, 167.91
148, 1, 874, 0, -8, 31, -7, 31, -0.00, -10.44, 103.78, -931.35, 0.00, 18, 20, 13, -19, -19, -13, -19, 30, -3, 180.00, 354.31, 174.31
149, 0, 130, 0, -8, 31, -5, 31, -0.00, -10.51, 103.78, -941.86, 0.00, 18, 20, 13, -19, -19, -13, -19, 30, -3, 180.00, 354.37, 174.37
150, 1, 838, 0, -10, 31, -5, 31, -0.00, -10.58, 103.78, -952.44, 0.00, 18, 20, 13, -19, -19, -13, -19, 30, -3, 180.00, 354.43, 174.43
151, 1, 597, 0, -8, 32, -5, 31, 1.06, -10.60, 104.84, -963.04, 0.00, 18, 20, 13, -19, -19, -13, -19, 30, -3, 174.29, 354.43, -179.86
152, 0, 156, 0, -11, 32, -5, 31, 1.52, -10.61, 106.36, -973.65, 0.00, 18, 20, 13, -19, -19, -13, -19, 30, -3, 171.87, 354.41, -177.46
152, 1, 886, 0, -11, 35, -6, 31, 4.22, -9.85, 110.58, -983.50, 0.00, 18, 20, 13, -19, -19, -13, -19, 30, -3, 156.80, 354.22, -162.58
153, 0, 157, 0, -12, 36, -5, 32, 5.99, -8.98, 116.57, -992.48, 0.00, 18, 20, 13, -19, -19, -13, -19, 30, -3, 146.31, 353.93, -152.38
154, 1, 885, 0, -11, 32, -6, 30, 1.54, -10.75, 118.10, -1003.23, 0.00, 18, 20, 13, -19, -19, -13, -19, 30, -3, 171.87, 353.91, -177.96
155, 0, 158, 0, -12, 32, -6, 31, 1.80, -10.78, 119.90, -1014.02, 0.00, 18, 20, 13, -19, -19, -13, -19, 30, -3, 170.54, 353.87, -176.66
156, 1, 313, 0, -10, 32, -5, 32, 1.36, -10.92, 121.26, -1024.93, 0.00, 18, 20, 13, -19, -19, -13, -19, 30, -3, 172.87, 353.86, -179.01
157, 1, 815, 0, -11, 31, -5, 32, -0.00, -11.07, 121.26, -1036.01, 0.00, 18, 20, 13, -19, -19, -13, -19, 30, -3, 180.00, 353.93, 173.93
157, 0, 144, 0, -8, 33, -4, 30, 2.17, -10.86, 123.44, -1046.86, 0.00, 18, 20, 13, -19, -19, -13, -19, 30, -3, 168.69, 353.87, -174.82
158, 1, 888, 0, -10, 33, -8, 31, 2.70, -10.81, 126.14, -1057.68, 0.00, 18, 20, 13, -19, -19, -13, -19, 30, -3, 165.96, 353.79, -172.17
159, 0, 158, 0, -10, 33, -6, 32, 2.72, -10.88, 128.86, -1068.56, 0.00, 18, 20, 13, -19, -19, -13, -19, 30, -3, 165.96, 353.71, -172.25
160, 1, 877, 0, -11, 36, -8, 31, 5.60, -9.80, 134.46, -1078.35, 0.00, 18, 20, 13, -19, -19, -13, -19, 30, -3, 150.26, 353.48, -156.78
161, 0, 158, 0, -11, 32, -5, 31, 1.61, -11.24, 136.06, -1089.59, 0.00, 18, 20, 13, -19, -19, -13, -19, 30, -3, 171.87, 353.46, -178.41
162, 1, 513, 0, -12, 33, -5, 31, 3.61, -10.84, 139.68, -1100.43, 0.00, 18, 20, 13, -19, -19, -13, -19, 30, -3, 161.57, 353.34, -168.23
163, 1, 701, 0, -11, 32, -6, 32, 1.63, -11.38, 141.30, -1111.81, 0.00, 18, 20, 13, -19, -19, -13, -19, 30, -3, 171.87, 353.32, -178.55
163, 0, 159, 0, -10, 33, -6, 30, 2.79, -11.15, 144.09, -1122.97, 0.00, 18, 20, 13, -19, -19, -13, -19, 30, -3, 165.96, 353.25, -172.71
164, 1, 886, 0, -11, 33, -6, 32, 3.18, -11.12, 147.27, -1134.09, 0.00, 18, 20, 13, -19, -19, -13, -19, 30, -3, 164.05, 353.16, -170.90
165, 0, 158, 0, -7, 33, -7, 31, 2.08, -11.45, 149.35, -1145.54, 0.00, 18, 20, 13, -19, -19, -13, -19, 30, -3, 169.70, 353.12, -176.57
166, 1, 883, 0, -11, 33, -4, 32, 3.22, -11.26, 152.57, -1156.80, 0.00, 18, 20, 13, -19, -19, -13, -19, 30, -3, 164.05, 353.03, -171.02
167, 0, 158, 0, -8, 34, -6, 30, 3.38, -11.28, 155.95, -1168.08, 0.00, 18, 20, 13, -19, -19, -13, -19, 30, -3, 163.30, 352.94, -170.36
168, 1, 744, 0, -11, 34, -6, 32, 4.67, -10.89, 160.62, -1178.97, 0.00, 18, 20, 13, -19, -19, -13, -19, 30, -3, 156.80, 352.78, -164.02
169, 1, 636, 0, -12, 35, -8, 31, 5.33, -10.66, 165.95, -1189.63, 0.00, 18, 20, 13, -19, -19, -13, -19, 30, -3, 153.43, 352.59, -160.84
170, 0, 158, 0, -10, 34, -7, 32, 4.21, -11.23, 170.16, -1200.86, 0.00, 18, 20, 13, -19, -19, -13, -19, 30, -3, 159.44, 352.47, -166.98
170, 1, 886, 0, -9, 34, -5, 30, 3.79, -11.37, 173.95, -1212.23, 0.00, 18, 20, 13, -19, -19, -13, -19, 30, -3, 161.57, 352.36, -169.21
171, 0, 159, 0, -11, 32, -7, 32, 1.71, -11.94, 175.65, -1224.17, 0.00, 18, 20, 13, -19, -19, -13, -19, 30, -3, 171.87, 352.36, -179.51
172, 1, 882, 0, -12, 33, -4, 31, 3.84, -11.51, 179.49, -1235.68, 0.00, 18, 20, 13, -19, -19, -13, -19, 30, -3, 161.57, 352.25, -169.31
173, 0, 158, 0, -10, 33, -6, 32, 2.96, -11.84, 182.45, -1247.51, 0.00, 18, 20, 13, -19, -19, -13, -19, 30, -3, 165.96, 352.19, -173.77
174, 1, 842, 0, -10, 35, -5, 30, 4.31, -11.49, 186.76, -1259.01, 0.00, 18, 20, 13, -19, -19, -13, -19, 30, -3, 159.44, 352.07, -167.37
175, 1, 638, 0, -10, 35, -5, 32, 4.33, -11.56, 191.09, -1270.56, 0.00, 18, 20, 13, -19, -19, -13, -19, 30, -3, 159.44, 351.95, -167.49
176, 0, 158, 0, -10, 35, -5, 31, 4.36, -11.62, 195.45, -1282.18, 0.00, 18, 20, 13, -19, -19, -13, -19, 30, -3, 159.44, 351.83, -167.61
176, 1, 884, 0, -10, 33, -5, 31, 3.01, -12.04, 198.46, -1294.23, 0.00, 18, 20, 13, -19, -19, -13, -19, 30, -3, 165.96, 351.78, -174.19
177, 0, 159, 0, -10, 31, -8, 31, -0.00, -12.48, 198.46, -1306.71, 0.00, 18, 20, 13, -19, -19, -13, -19, 30, -3, 180.00, 351.85, 171.85
178, 1, 878, 0, -8, 32, -4, 31, 1.25, -12.49, 199.71, -1319.20, 0.00, 18, 20, 13, -19, -19, -13, -19, 30, -3, 174.29, 351.88, 177.59
179, 0, 142, 0, -8, 33, -3, 32, 2.48, -12.38, 202.19, -1331.58, 0.00, 18, 20, 13, -19, -19, -13, -19, 30, -3, 168.69, 351.85, -176.84
180, 1, 870, 0, -13, 31, -7, 31, -0.00, -12.70, 202.19, -1344.28, 0.00, 18, 20, 13, -19, -19, -13, -19, 30, -3, 180.00, 351.92, 171.92
181, 1, 434, 0, -6, 30, -7, 31, -1.06, -12.72, 201.13, -1357.00, 0.00, 18, 20, 13, -19, -19, -13, -19, 30, -3, 184.76, 352.04, 167.28
182, 0, 141, 0, -9, 32, -6, 31, 1.42, -12.76, 202.54, -1369.76, 0.00, 18, 20, 13, -19, -19, -13, -19, 30, -3, 173.66, 352.06, 178.40
183, 1, 882, 0, -9, 35, -6, 32, 4.08, -12.24, 206.63, -1382.00, 0.00, 18, 20, 13, -19, -19, -13, -19, 30, -3, 161.57, 351.96, -169.61
183, 0, 158, 0, -10, 32, -5, 30, 1.60, -12.81, 208.23, -1394.81, 0.00, 18, 20, 13, -19, -19, -13, -19, 30, -3, 172.87, 351.97, 179.09
184, 1, 886, 0, -11, 31, -5, 32, -0.00, -12.98, 208.23, -1407.79, 0.00, 18, 20, 13, -19, -19, -13, -19, 30, -3, 180.00, 352.04, 172.04
185, 0, 139, 0, -7, 31, -4, 31, -0.00, -13.05, 208.23, -1420.83, 0.00, 18, 20, 13, -19, -19, -13, -19, 30, -3, 180.00, 352.11, 172.11
186, 1, 866, 0, -8, 31, -7, 30, -0.00, -13.12, 208.23, -1433.95, 0.00, 18, 20, 13, -19, -19, -13, -19, 30, -3, 180.00, 352.18, 172.18
187, 0, 145, 0, -6, 30, -8, 32, -1.10, -13.14, 207.13, -1447.09, 0.00, 18, 20, 13, -19, -19, -13, -19, 30, -3, 184.76, 352.30, 167.53
188, 0, 139, 0, -7, 30, -5, 31, -1.20, -13.20, 205.93, -1460.30, 0.00, 18, 20, 13, -19, -19, -13, -19, 30, -3, 185.19, 352.41, 167.22
188, 1, 874, 0, -9, 30, -6, 32, -1.46, -13.18, 204.47, -1473.48, 0.00, 18, 20, 13, -19, -19, -13, -19, 30, -3, 186.34, 352.53, 166.19
189, 0, 141, 0, -6, 31, -3, 30, -0.00, -13.33, 204.47, -1486.81, 0.00, 18, 20, 13, -19, -19, -13, -19, 30, -3, 180.00, 352.60, 172.60
190, 1, 877, 0, -8, 32, -8, 31, 1.33, -13.33, 205.80, -1500.14, 0.00, 18, 20, 13, -19, -19, -13, -19, 30, -3, 174.29, 352.61, 178.32
191, 0, 139, 0, -8, 31, -7, 32, -0.00, -13.47, 205.80, -1513.61, 0.00, 18, 20, 13, -19, -19, -13, -19, 30, -3, 180.00, 352.68, 172.68
192, 1, 784, 0, -8, 31, -5, 31, -0.00, -13.54, 205.80, -1527.15, 0.00, 18, 20, 13, -19, -19, -13, -19, 30, -3, 180.00, 352.74, 172.74
193, 1, 642, 0, -9, 32, -5, 31, 1.50, -13.53, 207.30, -1540.68, 0.00, 18, 20, 13, -19, -19, -13, -19, 30, -3, 173.66, 352.75, 179.09
194, 0, 140, 0, -5, 30, -7, 31, -1.05, -13.64, 206.25, -1554.33, 0.00, 18, 20, 13, -19, -19, -13, -19, 30, -3, 184.40, 352.85, 168.45
194, 1, 884, 0, -8, 30, -4, 32, -1.36, -13.61, 204.89, -1567.94, 0.00, 18, 20, 13, -19, -19, -13, -19, 30, -3, 185.71, 352.96, 167.25
195, 0, 140, 0, -8, 31, -7, 31, -0.00, -13.75, 204.89, -1581.69, 0.00, 18, 20, 13, -19, -19, -13, -19, 30, -3, 180.00, 353.02, 173.02
196, 1, 872, 0, -6, 31, -7, 30, -0.00, -13.82, 204.89, -1595.52, 0.00, 18, 20, 13, -19, -19, -13, -19, 30, -3, 180.00, 353.08, 173.08
197, 0, 140, 0, -7, 31, -8, 32, -0.00, -13.89, 204.89, -1609.41, 0.00, 18, 20, 13, -19, -19, -13, -19, 30, -3, 180.00, 353.14, 173.14
198, 0, 153, 0, -8, 32, -6, 31, 1.39, -13.90, 206.28, -1623.31, 0.00, 18, 20, 13, -19, -19, -13, -19, 30, -3, 174.29, 353.15, 178.86
199, 1, 868, 0, -7, 31, -6, 30, -0.00, -14.04, 206.28, -1637.34, 0.00, 18, 20, 13, -19, -19, -13, -19, 30, -3, 180.00, 353.21, 173.21
199, 0, 141, 0, -6, 30, -7, 31, -1.17, -13.99, 205.12, -1651.33, 0.00, 18, 20, 13, -19, -19, -13, -19, 30, -3, 184.76, 353.30, 168.54
200, 1, 882, 0, -6, 31, -9, 32, -0.00, -14.11, 205.12, -1665.43, 0.00, 18, 20, 13, -19, -19, -13, -19, 30, -3, 180.00, 353.36, 173.36
201, 0, 140, 0, -7, 31, -6, 31, -0.00, -14.18, 205.12, -1679.61, 0.00, 18, 20, 13, -19, -19, -13, -19, 30, -3, 180.00, 353.41, 173.41
202, 1, 864, 0, -8, 32, -7, 30, 1.42, -14.18, 206.53, -1693.79, 0.00, 18, 20, 13, -19, -19, -13, -19, 30, -3, 174.29, 353.42, 179.13
203, 1, 588, 0, -6, 29, -4, 32, -2.35, -14.12, 204.18, -1707.91, 0.00, 18, 20, 13, -19, -19, -13, -19, 30, -3, 189.46, 353.55, 164.09
204, 0, 141, 0, -9, 34, -4, 31, 4.55, -13.65, 208.73, -1721.56, 0.00, 18, 20, 13, -19, -19, -13, -19, 30, -3, 161.57, 353.45, -168.11
204, 1, 885, 0, -10, 33, -6, 32, 3.49, -13.96, 212.22, -1735.52, 0.00, 18, 20, 13, -19, -19, -13, -19, 30, -3, 165.96, 353.39, -172.57
205, 0, 157, 0, -11, 33, -6, 30, 3.97, -13.90, 216.19, -1749.42, 0.00, 18, 20, 13, -19, -19, -13, -19, 30, -3, 164.05, 353.32, -170.74
206, 1, 883, 0, -11, 32, -7, 32, 2.05, -14.38, 218.25, -1763.80, 0.00, 18, 20, 13, -19, -19, -13, -19, 30, -3, 171.87, 353.30, -178.57
207, 0, 157, 0, -11, 33, -8, 31, 4.01, -14.04, 222.26, -1777.84, 0.00, 18, 20, 13, -19, -19, -13, -19, 30, -3, 164.05, 353.23, -170.83
208, 1, 861, 0, -12, 33, -5, 31, 4.64, -13.92, 226.90, -1791.76, 0.00, 18, 20, 13, -19, -19, -13, -19, 30, -3, 161.57, 353.14, -168.43
209, 1, 621, 0, -12, 33, -6, 31, 4.66, -13.98, 231.56, -1805.74, 0.00, 18, 20, 13, -19, -19, -13, -19, 30, -3, 161.57, 353.04, -168.52
210, 0, 157, 0, -10, 32, -6, 32, 1.84, -14.70, 233.39, -1820.44, 0.00, 18, 20, 13, -19, -19, -13, -19, 30, -3, 172.87, 353.04, -179.83
210, 1, 884, 0, -11, 32, -5, 31, 2.09, -14.66, 235.49, -1835.10, 0.00, 18, 20, 13, -19, -19, -13, -19, 30, -3, 171.87, 353.03, -178.84
211, 0, 158, 0, -9, 33, -5, 31, 3.23, -14.53, 238.72, -1849.63, 0.00, 18, 20, 13, -19, -19, -13, -19, 30, -3, 167.47, 352.99, -174.48
212, 1, 888, 0, -9, 33, -5, 31, 3.24, -14.60, 241.96, -1864.22, 0.00, 18, 20, 13, -19, -19, -13, -19, 30, -3, 167.47, 352.94, -174.53
213, 0, 158, 0, -9, 33, -5, 32, 3.26, -14.66, 245.22, -1878.89, 0.00, 18, 20, 13, -19, -19, -13, -19, 30, -3, 167.47, 352.90, -174.57
214, 1, 878, 0, -10, 35, -4, 31, 5.30, -14.13, 250.52, -1893.02, 0.00, 18, 20, 13, -19, -19, -13, -19, 30, -3, 159.44, 352.80, -166.65
215, 0, 159, 0, -11, 32, -8, 31, 2.14, -15.01, 252.66, -1908.03, 0.00, 18, 20, 13, -19, -19, -13, -19, 30, -3, 171.87, 352.79, -179.08
216, 0, 156, 0, -10, 33, -7, 31, 3.69, -14.78, 256.36, -1922.81, 0.00, 18, 20, 13, -19, -19, -13, -19, 30, -3, 165.96, 352.74, -173.23
217, 1, 864, 0, -12, 33, -6, 32, 4.84, -14.52, 261.20, -1937.33, 0.00, 18, 20, 13, -19, -19, -13, -19, 30, -3, 161.57, 352.65, -168.92
217, 0, 158, 0, -13, 34, -6, 31, 7.87, -13.12, 269.07, -1950.45, 0.00, 18, 20, 13, -19, -19, -13, -19, 30, -3, 149.04, 352.47, -156.56
218, 1, 888, 0, -11, 33, -4, 31, 4.22, -14.78, 273.30, -1965.24, 0.00, 18, 20, 13, -19, -19, -13, -19, 30, -3, 164.05, 352.41, -171.65
219, 0, 158, 0, -11, 33, -5, 31, 4.24, -14.85, 277.54, -1980.09, 0.00, 18, 20, 13, -19, -19, -13, -19, 30, -3, 164.05, 352.34, -171.71
220, 1, 882, 0, -10, 32, -7, 32, 1.92, -15.40, 279.46, -1995.49, 0.00, 18, 20, 13, -19, -19, -13, -19, 30, -3, 172.87, 352.35, 179.47
221, 0, 142, 0, -9, 31, -6, 30, -0.00, -15.59, 279.46, -2011.07, 0.00, 18, 20, 13, -19, -19, -13, -19, 30, -3, 180.00, 352.41, 172.41
222, 1, 751, 0, -8, 32, -5, 31, 1.56, -15.58, 281.02, -2026.65, 0.00, 18, 20, 13, -19, -19, -13, -19, 30, -3, 174.29, 352.42, 178.13
223, 1, 599, 0, -6, 32, -7, 32, 1.31, -15.67, 282.33, -2042.33, 0.00, 18, 20, 13, -19, -19, -13, -19, 30, -3, 175.24, 352.44, 177.21
224, 0, 140, 0, -7, 32, -6, 31, 1.43, -15.73, 283.76, -2058.06, 0.00, 18, 20, 13, -19, -19, -13, -19, 30, -3, 174.81, 352.46, 177.65
224, 1, 882, 0, -8, 30, -8, 31, -1.57, -15.72, 282.19, -2073.78, 0.00, 18, 20, 13, -19, -19, -13, -19, 30, -3, 185.71, 352.56, 166.85
225, 0, 142, 0, -8, 32, -4, 31, 1.58, -15.79, 283.77, -2089.57, 0.00, 18, 20, 13, -19, -19, -13, -19, 30, -3, 174.29, 352.57, 178.28
226, 1, 878, 0, -8, 32, -6, 32, 1.59, -15.86, 285.35, -2105.43, 0.00, 18, 20, 13, -19, -19, -13, -19, 30, -3, 174.29, 352.58, 178.29
227, 0, 140, 0, -8, 31, -6, 31, -0.00, -16.01, 285.35, -2121.44, 0.00, 18, 20, 13, -19, -19, -13, -19, 30, -3, 180.00, 352.64, 172.64
228, 1, 786, 0, -8, 33, -6, 30, 3.15, -15.77, 288.51, -2137.21, 0.00, 18, 20, 13, -19, -19, -13, -19, 30, -3, 168.69, 352.61, -176.08
229, 1, 635, 0, -12, 34, -6, 32, 7.22, -14.45, 295.73, -2151.65, 0.00, 18, 20, 13, -19, -19, -13, -19, 30, -3, 153.43, 352.47, -160.96
230, 0, 157, 0, -10, 33, -5, 31, 3.93, -15.74, 299.66, -2167.39, 0.00, 18, 20, 13, -19, -19, -13, -19, 30, -3, 165.96, 352.42, -173.54
230, 1, 881, 0, -10, 32, -6, 31, 2.01, -16.10, 301.68, -2183.49, 0.00, 18, 20, 13, -19, -19, -13, -19, 30, -3, 172.87, 352.43, 179.55
231, 0, 136, 0, -8, 32, -5, 31, 1.62, -16.21, 303.30, -2199.70, 0.00, 18, 20, 13, -19, -19, -13, -19, 30, -3, 174.29, 352.44, 178.15
232, 1, 872, 0, -9, 32, -5, 32, 1.81, -16.26, 305.10, -2215.96, 0.00, 18, 20, 13, -19, -19, -13, -19, 30, -3, 173.66, 352.45, 178.79
233, 0, 135, 0, -7, 31, -8, 31, -0.00, -16.43, 305.10, -2232.39, 0.00, 18, 20, 13, -19, -19, -13, -19, 30, -3, 180.00, 352.50, 172.50
234, 1, 670, 0, -9, 31, -6, 30, -0.00, -16.50, 305.10, -2248.90, 0.00, 18, 20, 13, -19, -19, -13, -19, 30, -3, 180.00, 352.56, 172.56
235, 1, 794, 0, -6, 31, -6, 32, -0.00, -16.57, 305.10, -2265.47, 0.00, 18, 20, 13, -19, -19, -13, -19, 30, -3, 180.00, 352.61, 172.61
235, 0, 138, 0, -9, 30, -7, 31, -1.83, -16.47, 303.27, -2281.95, 0.00, 18, 20, 13, -19, -19, -13, -19, 30, -3, 186.34, 352.71, 166.37
236, 1, 885, 0, -8, 31, -6, 31, -0.00, -16.64, 303.27, -2298.59, 0.00, 18, 20, 13, -19, -19, -13, -19, 30, -3, 180.00, 352.76, 172.76
237, 0, 136, 0, -7, 33, -5, 30, 2.99, -16.45, 306.26, -2315.04, 0.00, 18, 20, 13, -19, -19, -13, -19, 30, -3, 169.70, 352.74, -176.96
238, 1, 880, 0, -12, 32, -5, 32, 2.76, -16.56, 309.02, -2331.59, 0.00, 18, 20, 13, -19, -19, -13, -19, 30, -3, 170.54, 352.72, -177.81
239, 1, 314, 0, -11, 33, -5, 32, 4.63, -16.21, 313.65, -2347.80, 0.00, 18, 20, 13, -19, -19, -13, -19, 30, -3, 164.05, 352.66, -171.39
240, 0, 153, 0, -11, 34, -6, 30, 6.67, -15.56, 320.32, -2363.36, 0.00, 18, 20, 13, -19, -19, -13, -19, 30, -3, 156.80, 352.55, -164.25
241, 1, 887, 0, -13, 36, -8, 32, 10.62, -13.27, 330.94, -2376.63, 0.00, 18, 20, 13, -19, -19, -13, -19, 30, -3, 141.34, 352.34, -149.00
241, 0, 154, 0, -12, 33, -5, 31, 5.38, -16.13, 336.31, -2392.76, 0.00, 18, 20, 13, -19, -19, -13, -19, 30, -3, 161.57, 352.27, -169.30
242, 1, 881, 0, -11, 33, -6, 32, 4.69, -16.41, 341.00, -2409.17, 0.00, 18, 20, 13, -19, -19, -13, -19, 30, -3, 164.05, 352.21, -171.85
243, 0, 154, 0, -11, 31, -4, 30, -0.00, -17.14, 341.00, -2426.31, 0.00, 18, 20, 13, -19, -19, -13, -19, 30, -3, 180.00, 352.26, 172.26
244, 1, 874, 0, -7, 32, -6, 31, 1.56, -17.14, 342.56, -2443.45, 0.00, 18, 20, 13, -19, -19, -13, -19, 30, -3, 174.81, 352.28, 177.48
245, 1, 386, 0, -8, 31, -6, 32, -0.00, -17.28, 342.56, -2460.73, 0.00, 18, 20, 13, -19, -19, -13, -19, 30, -3, 180.00, 352.33, 172.33
246, 0, 134, 0, -7, 31, -6, 31, -0.00, -17.35, 342.56, -2478.08, 0.00, 18, 20, 13, -19, -19, -13, -19, 30, -3, 180.00, 352.39, 172.39
246, 1, 879, 0, -7, 31, -6, 31, -0.00, -17.35, 342.56, -2495.43, 0.00, 18, 20, 13, -19, -19, -13, -19, 30, -3, 180.00, 352.44, 172.44
247, 0, 135, 0, -8, 32, -4, 31, 1.73, -17.33, 344.29, -2512.76, 0.00, 18, 20, 13, -19, -19, -13, -19, 30, -3, 174.29, 352.45, 178.16
248, 1, 874, 0, -7, 29, -8, 31, -3.13, -17.21, 341.17, -2529.97, 0.00, 18, 20, 13, -19, -19, -13, -19, 30, -3, 190.30, 352.57, 162.27
249, 0, 134, 0, -8, 31, -4, 32, -0.00, -17.56, 341.17, -2547.53, 0.00, 18, 20, 13, -19, -19, -13, -19, 30, -3, 180.00, 352.62, 172.62
250, 1, 857, 0, -7, 30, -7, 30, -1.60, -17.56, 339.57, -2565.09, 0.00, 18, 20, 13, -19, -19, -13, -19, 30, -3, 185.19, 352.71, 167.51
251, 1, 607, 0, -7, 31, -5, 31, -0.00, -17.70, 339.57, -2582.79, 0.00, 18, 20, 13, -19, -19, -13, -19, 30, -3, 180.00, 352.76, 172.76
252, 0, 133, 0, -7, 31, -7, 32, -0.00, -17.77, 339.57, -2600.57, 0.00, 18, 20, 13, -19, -19, -13, -19, 30, -3, 180.00, 352.80, 172.80
252, 1, 877, 0, -8, 31, -6, 30, -0.00, -17.77, 339.57, -2618.34, 0.00, 18, 20, 13, -19, -19, -13, -19, 30, -3, 180.00, 352.85, 172.85
253, 0, 133, 0, -6, 33, -5, 31, 2.93, -17.60, 342.50, -2635.94, 0.00, 18, 20, 13, -19, -19, -13, -19, 30, -3, 170.54, 352.84, -177.70
254, 1, 878, 0, -11, 33, -6, 31, 4.92, -17.23, 347.42, -2653.17, 0.00, 18, 20, 13, -19, -19, -13, -19, 30, -3, 164.05, 352.78, -171.28
255, 0, 151, 0, -11, 31, -4, 32, -0.00, -17.98, 347.42, -2671.15, 0.00, 18, 20, 13, -19, -19, -13, -19, 30, -3, 180.00, 352.83, 172.83
256, 1, 785, 0, -7, 33, -6, 30, 3.23, -17.76, 350.65, -2688.91, 0.00, 18, 20, 13, -19, -19, -13, -19, 30, -3, 169.70, 352.81, -176.89
257, 1, 570, 0, -9, 33, -5, 32, 3.93, -17.69, 354.59, -2706.61, 0.00, 18, 20, 13, -19, -19, -13, -19, 30, -3, 167.47, 352.77, -174.70
258, 0, 153, 0, -10, 32, -5, 32, 2.26, -18.06, 356.84, -2724.66, 0.00, 18, 20, 13, -19, -19, -13, -19, 30, -3, 172.87, 352.77, 179.90
258, 1, 877, 0, -5, 32, -7, 31, 1.40, -18.14, 358.24, -2742.81, 0.00, 18, 20, 13, -19, -19, -13, -19, 30, -3, 175.60, 352.79, 177.19
259, 0, 134, 0, -9, 32, -4, 30, 2.02, -18.16, 360.26, -2760.96, 0.00, 18, 20, 13, -19, -19, -13, -19, 30, -3, 173.66, 352.80, 179.14
260, 1, 869, 0, -5, 31, -5, 32, -0.00, -18.34, 360.26, -2779.30, 0.00, 18, 20, 13, -19, -19, -13, -19, 30, -3, 180.00, 352.84, 172.84
261, 0, 132, 0, -7, 31, -6, 31, -0.00, -18.41, 360.26, -2797.71, 0.00, 18, 20, 13, -19, -19, -13, -19, 30, -3, 180.00, 352.89, 172.89
262, 1, 814, 0, -10, 30, -6, 31, -2.29, -18.34, 357.96, -2816.04, 0.00, 18, 20, 13, -19, -19, -13, -19, 30, -3, 187.13, 352.98, 165.86
263, 1, 586, 0, -8, 30, -7, 31, -1.85, -18.46, 356.12, -2834.50, 0.00, 18, 20, 13, -19, -19, -13, -19, 30, -3, 185.71, 353.06, 167.35
264, 0, 131, 0, -8, 30, -3, 32, -1.85, -18.53, 354.27, -2853.03, 0.00, 18, 20, 13, -19, -19, -13, -19, 30, -3, 185.71, 353.14, 167.43
264, 1, 876, 0, -6, 28, -5, 31, -4.52, -18.06, 349.75, -2871.09, 0.00, 18, 20, 13, -19, -19, -13, -19, 30, -3, 194.04, 353.27, 159.24
265, 0, 132, 0, -9, 30, -5, 31, -2.06, -18.58, 347.69, -2889.67, 0.00, 18, 20, 13, -19, -19, -13, -19, 30, -3, 186.34, 353.36, 167.02
266, 1, 870, 0, -8, 31, -7, 31, -0.00, -18.76, 347.69, -2908.43, 0.00, 18, 20, 13, -19, -19, -13, -19, 30, -3, 180.00, 353.40, 173.40
267, 0, 132, 0, -7, 31, -5, 31, -0.00, -18.83, 347.69, -2927.26, 0.00, 18, 20, 13, -19, -19, -13, -19, 30, -3, 180.00, 353.44, 173.44
268, 0, 136, 0, -10, 31, -4, 32, -0.00, -18.90, 347.69, -2946.16, 0.00, 18, 20, 13, -19, -19, -13, -19, 30, -3, 180.00, 353.48, 173.48
269, 1, 857, 0, -7, 31, -8, 30, -0.00, -18.97, 347.69, -2965.13, 0.00, 18, 20, 13, -19, -19, -13, -19, 30, -3, 180.00, 353.52, 173.52
269, 0, 131, 0, -8, 31, -6, 31, -0.00, -18.97, 347.69, -2984.11, 0.00, 18, 20, 13, -19, -19, -13, -19, 30, -3, 180.00, 353.57, 173.57
270, 1, 880, 0, -9, 28, -4, 31, -6.02, -18.07, 341.66, -3002.17, 0.00, 18, 20, 13, -19, -19, -13, -19, 30, -3, 198.43, 353.72, 155.28
271, 0, 130, 0, -6, 31, -7, 31, -0.00, -19.11, 341.66, -3021.28, 0.00, 18, 20, 13, -19, -19, -13, -19, 30, -3, 180.00, 353.76, 173.76
272, 1, 867, 0, -8, 32, -6, 31, 1.91, -19.09, 343.57, -3040.37, 0.00, 18, 20, 13, -19, -19, -13, -19, 30, -3, 174.29, 353.76, 179.47
273, 0, 131, 0, -8, 28, -6, 32, -5.53, -18.44, 338.04, -3058.82, 0.00, 18, 20, 13, -19, -19, -13, -19, 30, -3, 196.70, 353.90, 157.20
274, 0, 130, 0, -9, 31, -6, 31, -0.00, -19.32, 338.04, -3078.14, 0.00, 18, 20, 13, -19, -19, -13, -19, 30, -3, 180.00, 353.94, 173.94
275, 1, 874, 0, -10, 31, -3, 30, -0.00, -19.40, 338.04, -3097.54, 0.00, 18, 20, 13, -19, -19, -13, -19, 30, -3, 180.00, 353.97, 173.97
275, 0, 132, 0, -8, 28, -6, 32, -5.57, -18.58, 332.47, -3116.11, 0.00, 18, 20, 13, -19, -19, -13, -19, 30, -3, 196.70, 354.11, 157.41
276, 1, 885, 0, -6, 30, -6, 31, -1.62, -19.40, 330.85, -3135.51, 0.00, 18, 20, 13, -19, -19, -13, -19, 30, -3, 184.76, 354.18, 169.41
277, 0, 130, 0, -7, 30, -6, 32, -1.77, -19.46, 329.08, -3154.97, 0.00, 18, 20, 13, -19, -19, -13, -19, 30, -3, 185.19, 354.24, 169.05
278, 1, 870, 0, -7, 32, -4, 30, 1.78, -19.53, 330.86, -3174.49, 0.00, 18, 20, 13, -19, -19, -13, -19, 30, -3, 174.81, 354.25, 179.44
279, 0, 133, 0, -9, 32, -5, 32, 2.17, -19.56, 333.03, -3194.05, 0.00, 18, 20, 13, -19, -19, -13, -19, 30, -3, 173.66, 354.24, -179.42
280, 0, 149, 0, -11, 33, -4, 31, 5.43, -18.99, 338.46, -3213.04, 0.00, 18, 20, 13, -19, -19, -13, -19, 30, -3, 164.05, 354.18, -169.87
281, 1, 883, 0, -13, 32, -5, 32, 3.89, -19.43, 342.34, -3232.47, 0.00, 18, 20, 13, -19, -19, -13, -19, 30, -3, 168.69, 354.15, -174.54
281, 0, 153, 0, -11, 34, -9, 30, 7.81, -18.22, 350.15, -3250.69, 0.00, 18, 20, 13, -19, -19, -13, -19, 30, -3, 156.80, 354.04, -162.76
282, 1, 887, 0, -10, 33, -5, 32, 4.82, -19.30, 354.97, -3269.98, 0.00, 18, 20, 13, -19, -19, -13, -19, 30, -3, 165.96, 354.00, -171.97
283, 0, 152, 0, -9, 33, -8, 31, 4.33, -19.48, 359.30, -3289.47, 0.00, 18, 20, 13, -19, -19, -13, -19, 30, -3, 167.47, 353.96, -173.51
284, 1, 875, 0, -12, 34, -6, 31, 8.96, -17.92, 368.26, -3307.38, 0.00, 18, 20, 13, -19, -19, -13, -19, 30, -3, 153.43, 353.84, -159.60
285, 1, 547, 0, -11, 31, -7, 31, -0.00, -20.10, 368.26, -3327.49, 0.00, 18, 20, 13, -19, -19, -13, -19, 30, -3, 180.00, 353.87, 173.87
286, 0, 131, 0, -10, 32, -5, 31, 2.50, -20.02, 370.76, -3347.50, 0.00, 18, 20, 13, -19, -19, -13, -19, 30, -3, 172.87, 353.87, -179.01
287, 1, 883, 0, -10, 34, -6, 32, 7.11, -18.95, 377.87, -3366.45, 0.00, 18, 20, 13, -19, -19, -13, -19, 30, -3, 159.44, 353.78, -165.66
287, 0, 153, 0, -9, 33, -3, 31, 4.39, -19.76, 382.26, -3386.21, 0.00, 18, 20, 13, -19, -19, -13, -19, 30, -3, 167.47, 353.74, -173.73
288, 1, 880, 0, -12, 35, -7, 31, 9.08, -18.17, 391.34, -3404.38, 0.00, 18, 20, 13, -19, -19, -13, -19, 30, -3, 153.43, 353.63, -159.81
289, 0, 153, 0, -10, 32, -5, 32, 2.53, -20.23, 393.87, -3424.61, 0.00, 18, 20, 13, -19, -19, -13, -19, 30, -3, 172.87, 353.62, -179.25
290, 1, 870, 0, -11, 33, -6, 31, 5.62, -19.67, 399.49, -3444.27, 0.00, 18, 20, 13, -19, -19, -13, -19, 30, -3, 164.05, 353.57, -170.49
291, 0, 155, 0, -11, 33, -7, 31, 5.64, -19.73, 405.13, -3464.01, 0.00, 18, 20, 13, -19, -19, -13, -19, 30, -3, 164.05, 353.51, -170.54
292, 0, 152, 0, -12, 33, -6, 31, 6.51, -19.54, 411.64, -3483.54, 0.00, 18, 20, 13, -19, -19, -13, -19, 30, -3, 161.57, 353.44, -168.12
293, 1, 887, 0, -12, 34, -6, 32, 9.24, -18.48, 420.88, -3502.03, 0.00, 18, 20, 13, -19, -19, -13, -19, 30, -3, 153.43, 353.33, -160.11
293, 0, 155, 0, -10, 33, -7, 30, 5.01, -20.05, 425.90, -3522.08, 0.00, 18, 20, 13, -19, -19, -13, -19, 30, -3, 165.96, 353.28, -172.68
294, 1, 889, 0, -11, 34, -6, 32, 8.17, -19.06, 434.06, -3541.13, 0.00, 18, 20, 13, -19, -19, -13, -19, 30, -3, 156.80, 353.19, -163.61
295, 0, 153, 0, -10, 36, -6, 31, 9.30, -18.61, 443.37, -3559.74, 0.00, 18, 20, 13, -19, -19, -13, -19, 30, -3, 153.43, 353.08, -160.36
296, 1, 875, 0, -9, 34, -6, 32, 6.60, -19.81, 449.97, -3579.55, 0.00, 18, 20, 13, -19, -19, -13, -19, 30, -3, 161.57, 353.01, -168.55
297, 0, 153, 0, -8, 34, -7, 30, 6.02, -20.06, 455.99, -3599.61, 0.00, 18, 20, 13, -19, -19, -13, -19, 30, -3, 163.30, 352.96, -170.34
298, 0, 197, 0, -12, 34, -6, 31, 9.40, -18.80, 465.39, -3618.41, 0.00, 18, 20, 13, -19, -19, -13, -19, 30, -3, 153.43, 352.85, -160.59
299, 1, 672, 0, -10, 34, -8, 32, 7.40, -19.75, 472.79, -3638.16, 0.00, 18, 20, 13, -19, -19, -13, -19, 30, -3, 159.44, 352.77, -166.67
300, 0, 154, 0, -10, 34, -7, 32, 7.43, -19.81, 480.22, -3657.97, 0.00, 18, 20, 13, -19, -19, -13, -19, 30, -3, 159.44, 352.69, -166.75
300, 1, 886, 0, -12, 34, -5, 30, 9.46, -18.92, 489.69, -3676.89, 0.00, 18, 20, 13, -19, -19, -13, -19, 30, -3, 153.43, 352.59, -160.85
301, 0, 154, 0, -10, 36, -8, 32, 9.49, -18.99, 499.18, -3695.88, 0.00, 18, 20, 13, -19, -19, -13, -19, 30, -3, 153.43, 352.48, -160.95
302, 1, 884, 0, -10, 32, -9, 31, 2.64, -21.14, 501.82, -3717.02, 0.00, 18, 20, 13, -19, -19, -13, -19, 30, -3, 172.87, 352.48, 179.61
303, 0, 133, 0, -8, 32, -5, 32, 2.13, -21.26, 503.95, -3738.28, 0.00, 18, 20, 13, -19, -19, -13, -19, 30, -3, 174.29, 352.49, 178.20
304, 1, 760, 0, -7, 34, -3, 30, 5.64, -20.69, 509.59, -3758.97, 0.00, 18, 20, 13, -19, -19, -13, -19, 30, -3, 164.74, 352.45, -172.30

